Nombre_1,Apellido_1,CUI_1,Email_1,FechaRegistro,Genero_1,InstitucionBancaria_1,AbreviacionInstitucion_1,TipoCuenta_1,SaldoInicial_1
Boote,Pina,208181717,bpina24@npr.org,8/25/2020,Male,Banco Industrial,BI,Monetaria en Q,900
Boote,Pina,208181717,bpina24@npr.org,8/25/2020,Male,Banco Industrial,BI,Monetaria en Q,900
Giordano,Rimington,270162925,grimingtonb@tmall.com,8/25/2020,Female,Banco de desarrollo rural,BANRURAL,Ahorro,547
Giordano,Rimington,270162925,grimingtonb@tmall.com,8/25/2020,Female,Banco de desarrollo rural,BANRURAL,Ahorro,547
Giordano,Rimington,270162925,grimingtonb@tmall.com,8/25/2020,Female,Banco G&T,G&T,Monetaria en $,0
Giordano,Rimington,270162925,grimingtonb@tmall.com,8/25/2020,Female,Banco G&T,G&T,Monetaria en $,0
Giordano,Rimington,270162925,grimingtonb@tmall.com,8/25/2020,Female,Banco G&T,G&T,Monetaria en $,0
Giordano,Rimington,270162925,grimingtonb@tmall.com,8/25/2020,Female,Banco G&T,G&T,Monetaria en $,0
Giordano,Rimington,270162925,grimingtonb@tmall.com,8/25/2020,Female,Banco Industrial,BI,Ahorro,1250
Giordano,Rimington,270162925,grimingtonb@tmall.com,8/25/2020,Female,Banco Industrial,BI,Ahorro,1250
Giordano,Rimington,270162925,grimingtonb@tmall.com,8/25/2020,Female,Banco Industrial,BI,Ahorro,1250
Colas,Feek,440057779,cfeek2a@cocolog-nifty.com,10/31/2020,Male,Banco Agromercantil,BAM,Monetaria en $,0
Colas,Feek,440057779,cfeek2a@cocolog-nifty.com,10/31/2020,Male,Banco Agromercantil,BAM,Monetaria en $,0
Colas,Feek,440057779,cfeek2a@cocolog-nifty.com,10/31/2020,Male,Banco G&T,G&T,Monetaria en $,2906
Colas,Feek,440057779,cfeek2a@cocolog-nifty.com,10/31/2020,Male,Banco G&T,G&T,Monetaria en $,2906
Colas,Feek,440057779,cfeek2a@cocolog-nifty.com,10/31/2020,Male,Banco Industrial,BI,Monetaria en $,0
Colas,Feek,440057779,cfeek2a@cocolog-nifty.com,10/31/2020,Male,Banco Industrial,BI,Monetaria en $,0
Colas,Feek,440057779,cfeek2a@cocolog-nifty.com,10/31/2020,Male,Banco Industrial,BI,Monetaria en $,0
Kit,Tottman,445543914,ktottmany@domainmarket.com,1/15/2020,Male,Banco G&T,G&T,Monetaria en $,0
Joellen,Rickell,677914504,jrickell20@artisteer.com,2/22/2020,Female,Banco Industrial,BI,Monetaria en Q,2831
Joellen,Rickell,677914504,jrickell20@artisteer.com,2/22/2020,Female,Banco Industrial,BI,Monetaria en Q,2831
Bobbette,Dutton,930849132,bdutton6@hao123.com,1/2/2020,Female,Banco G&T,G&T,Monetaria en $,0
Bobbette,Dutton,930849132,bdutton6@hao123.com,1/2/2020,Female,Banco Industrial,BI,Ahorro,0
Bobbette,Dutton,930849132,bdutton6@hao123.com,1/2/2020,Female,Banco Industrial,BI,Ahorro,0
Bobbette,Dutton,930849132,bdutton6@hao123.com,1/2/2020,Female,Banco Promerica,Promerica,Ahorro,761
Bobbette,Dutton,930849132,bdutton6@hao123.com,1/2/2020,Female,Banco Promerica,Promerica,Ahorro,761
Bobbette,Dutton,930849132,bdutton6@hao123.com,1/2/2020,Female,Banco Promerica,Promerica,Ahorro,761
Abigale,Crann,1187255777,acrann1g@cafepress.com,7/20/2020,Male,Banco Agromercantil,BAM,Monetaria en $,0
Abigale,Crann,1187255777,acrann1g@cafepress.com,7/20/2020,Male,Banco Industrial,BI,Ahorro,0
Abigale,Crann,1187255777,acrann1g@cafepress.com,7/20/2020,Male,Banco Industrial,BI,Ahorro,0
Abigale,Crann,1187255777,acrann1g@cafepress.com,7/20/2020,Male,Banco Industrial,BI,Ahorro,0
Chrissy,Fells,1432225464,cfells17@eventbrite.com,6/4/2020,Female,Banco G&T,G&T,Ahorro,0
Chrissy,Fells,1432225464,cfells17@eventbrite.com,6/4/2020,Female,Banco Industrial,BI,Monetaria en $,0
Javier,Theodore,1485345081,jtheodore1b@nsw.gov.au,5/12/2020,Female,Banco G&T,G&T,Monetaria en $,2008
Javier,Theodore,1485345081,jtheodore1b@nsw.gov.au,5/12/2020,Female,Banco G&T,G&T,Monetaria en $,2008
Javier,Theodore,1485345081,jtheodore1b@nsw.gov.au,5/12/2020,Female,Banco G&T,G&T,Monetaria en $,2008
Javier,Theodore,1485345081,jtheodore1b@nsw.gov.au,5/12/2020,Female,Banco Industrial,BI,Monetaria en $,1602
Javier,Theodore,1485345081,jtheodore1b@nsw.gov.au,5/12/2020,Female,Banco Industrial,BI,Monetaria en $,1602
Javier,Theodore,1485345081,jtheodore1b@nsw.gov.au,5/12/2020,Female,Banco Industrial,BI,Monetaria en $,1602
Javier,Theodore,1485345081,jtheodore1b@nsw.gov.au,5/12/2020,Female,Banco Industrial,BI,Monetaria en $,1602
Javier,Theodore,1485345081,jtheodore1b@nsw.gov.au,5/12/2020,Female,Banco Industrial,BI,Monetaria en $,1602
Caryn,Kirkham,1581008589,ckirkhamf@instagram.com,5/16/2020,Female,Banco Agromercantil,BAM,Ahorro,0
Caryn,Kirkham,1581008589,ckirkhamf@instagram.com,5/16/2020,Female,Banco Agromercantil,BAM,Ahorro,0
Caryn,Kirkham,1581008589,ckirkhamf@instagram.com,5/16/2020,Female,Banco Promerica,Promerica,Monetaria en $,0
Horatia,Brumpton,1653130695,hbrumpton1k@engadget.com,10/25/2020,Female,Banco Agromercantil,BAM,Monetaria en $,0
Horatia,Brumpton,1653130695,hbrumpton1k@engadget.com,10/25/2020,Female,Banco Agromercantil,BAM,Monetaria en $,0
Horatia,Brumpton,1653130695,hbrumpton1k@engadget.com,10/25/2020,Female,Banco G&T,G&T,Ahorro,4275
Horatia,Brumpton,1653130695,hbrumpton1k@engadget.com,10/25/2020,Female,Banco G&T,G&T,Ahorro,0
Horatia,Brumpton,1653130695,hbrumpton1k@engadget.com,10/25/2020,Female,Banco G&T,G&T,Ahorro,0
Horatia,Brumpton,1653130695,hbrumpton1k@engadget.com,10/25/2020,Female,Banco G&T,G&T,Ahorro,1612
Horatia,Brumpton,1653130695,hbrumpton1k@engadget.com,10/25/2020,Female,Banco G&T,G&T,Ahorro,4782
Horatia,Brumpton,1653130695,hbrumpton1k@engadget.com,10/25/2020,Female,Banco G&T,G&T,Monetaria en Q,4437
Horatia,Brumpton,1653130695,hbrumpton1k@engadget.com,10/25/2020,Female,Banco G&T,G&T,Ahorro,4782
Horatia,Brumpton,1653130695,hbrumpton1k@engadget.com,10/25/2020,Female,Banco G&T,G&T,Ahorro,4782
Horatia,Brumpton,1653130695,hbrumpton1k@engadget.com,10/25/2020,Female,Banco G&T,G&T,Ahorro,4275
Horatia,Brumpton,1653130695,hbrumpton1k@engadget.com,10/25/2020,Female,Banco G&T,G&T,Ahorro,4782
Horatia,Brumpton,1653130695,hbrumpton1k@engadget.com,10/25/2020,Female,Banco G&T,G&T,Ahorro,1612
Horatia,Brumpton,1653130695,hbrumpton1k@engadget.com,10/25/2020,Female,Banco G&T,G&T,Monetaria en Q,4437
Horatia,Brumpton,1653130695,hbrumpton1k@engadget.com,10/25/2020,Female,Banco G&T,G&T,Ahorro,1612
Horatia,Brumpton,1653130695,hbrumpton1k@engadget.com,10/25/2020,Female,Banco G&T,G&T,Ahorro,0
Horatia,Brumpton,1653130695,hbrumpton1k@engadget.com,10/25/2020,Female,Banco G&T,G&T,Ahorro,4782
Arleta,Umbert,1805028979,aumbert13@lulu.com,4/18/2020,Male,Banco de desarrollo rural,BANRURAL,Ahorro,1374
Arleta,Umbert,1805028979,aumbert13@lulu.com,4/18/2020,Male,Banco de desarrollo rural,BANRURAL,Ahorro,1374
Arleta,Umbert,1805028979,aumbert13@lulu.com,4/18/2020,Male,Banco G&T,G&T,Monetaria en Q,1863
Arleta,Umbert,1805028979,aumbert13@lulu.com,4/18/2020,Male,Banco G&T,G&T,Monetaria en Q,0
Arleta,Umbert,1805028979,aumbert13@lulu.com,4/18/2020,Male,Banco G&T,G&T,Monetaria en Q,0
Arleta,Umbert,1805028979,aumbert13@lulu.com,4/18/2020,Male,Banco G&T,G&T,Monetaria en Q,1863
Arleta,Umbert,1805028979,aumbert13@lulu.com,4/18/2020,Male,Banco G&T,G&T,Monetaria en Q,0
Arleta,Umbert,1805028979,aumbert13@lulu.com,4/18/2020,Male,Banco G&T,G&T,Monetaria en Q,1863
Arleta,Umbert,1805028979,aumbert13@lulu.com,4/18/2020,Male,Banco Industrial,BI,Monetaria en $,0
Arleta,Umbert,1805028979,aumbert13@lulu.com,4/18/2020,Male,Banco Industrial,BI,Monetaria en $,0
Morly,Pundy,1833280679,mpundyw@woothemes.com,5/26/2020,Male,Banco Promerica,Promerica,Monetaria en Q,1254
Hali,Peebles,1909436437,hpeebles12@gizmodo.com,3/12/2020,Male,Banco de desarrollo rural,BANRURAL,Ahorro,0
Hali,Peebles,1909436437,hpeebles12@gizmodo.com,3/12/2020,Male,Banco de desarrollo rural,BANRURAL,Ahorro,0
Hali,Peebles,1909436437,hpeebles12@gizmodo.com,3/12/2020,Male,Banco de desarrollo rural,BANRURAL,Ahorro,0
Hali,Peebles,1909436437,hpeebles12@gizmodo.com,3/12/2020,Male,Banco de desarrollo rural,BANRURAL,Ahorro,1818
Hali,Peebles,1909436437,hpeebles12@gizmodo.com,3/12/2020,Male,Banco de desarrollo rural,BANRURAL,Ahorro,0
Hali,Peebles,1909436437,hpeebles12@gizmodo.com,3/12/2020,Male,Banco de desarrollo rural,BANRURAL,Ahorro,0
Hali,Peebles,1909436437,hpeebles12@gizmodo.com,3/12/2020,Male,Banco de desarrollo rural,BANRURAL,Ahorro,1818
Hali,Peebles,1909436437,hpeebles12@gizmodo.com,3/12/2020,Male,Banco Industrial,BI,Monetaria en Q,3639
Hali,Peebles,1909436437,hpeebles12@gizmodo.com,3/12/2020,Male,Banco Industrial,BI,Monetaria en Q,3639
Hali,Peebles,1909436437,hpeebles12@gizmodo.com,3/12/2020,Male,Banco Promerica,Promerica,Monetaria en $,0
Hali,Peebles,1909436437,hpeebles12@gizmodo.com,3/12/2020,Male,Banco Promerica,Promerica,Monetaria en $,0
Hali,Peebles,1909436437,hpeebles12@gizmodo.com,3/12/2020,Male,Banco Promerica,Promerica,Monetaria en $,0
Hali,Peebles,1909436437,hpeebles12@gizmodo.com,3/12/2020,Male,Banco Promerica,Promerica,Ahorro,3556
Hali,Peebles,1909436437,hpeebles12@gizmodo.com,3/12/2020,Male,Banco Promerica,Promerica,Ahorro,3556
Stormy,Mathieu,1952883946,smathieu1i@dell.com,8/27/2020,Male,Banco G&T,G&T,Monetaria en $,0
Stormy,Mathieu,1952883946,smathieu1i@dell.com,8/27/2020,Male,Banco G&T,G&T,Monetaria en $,0
Stormy,Mathieu,1952883946,smathieu1i@dell.com,8/27/2020,Male,Banco G&T,G&T,Monetaria en $,0
Nelia,Hathway,1962610551,nhathway2f@joomla.org,4/5/2020,Female,Banco G&T,G&T,Monetaria en Q,2131
Nelia,Hathway,1962610551,nhathway2f@joomla.org,4/5/2020,Female,Banco G&T,G&T,Monetaria en Q,2131
Nelia,Hathway,1962610551,nhathway2f@joomla.org,4/5/2020,Female,Banco Industrial,BI,Monetaria en Q,0
Nelia,Hathway,1962610551,nhathway2f@joomla.org,4/5/2020,Female,Banco Industrial,BI,Monetaria en Q,0
Nelia,Hathway,1962610551,nhathway2f@joomla.org,4/5/2020,Female,Banco Industrial,BI,Monetaria en Q,0
Nelia,Hathway,1962610551,nhathway2f@joomla.org,4/5/2020,Female,Banco Industrial,BI,Monetaria en Q,0
Nelia,Hathway,1962610551,nhathway2f@joomla.org,4/5/2020,Female,Banco Industrial,BI,Monetaria en Q,0
Nelia,Hathway,1962610551,nhathway2f@joomla.org,4/5/2020,Female,Banco Industrial,BI,Monetaria en Q,0
Nelia,Hathway,1962610551,nhathway2f@joomla.org,4/5/2020,Female,Banco Industrial,BI,Monetaria en $,3848
Nelia,Hathway,1962610551,nhathway2f@joomla.org,4/5/2020,Female,Banco Industrial,BI,Monetaria en Q,0
Nelia,Hathway,1962610551,nhathway2f@joomla.org,4/5/2020,Female,Banco Promerica,Promerica,Monetaria en $,0
Nelia,Hathway,1962610551,nhathway2f@joomla.org,4/5/2020,Female,Banco Promerica,Promerica,Monetaria en $,0
Nelia,Hathway,1962610551,nhathway2f@joomla.org,4/5/2020,Female,Banco Promerica,Promerica,Monetaria en $,0
Nelia,Hathway,1962610551,nhathway2f@joomla.org,4/5/2020,Female,Banco Promerica,Promerica,Monetaria en $,0
Ty,Kittow,1976810418,tkittowm@mapquest.com,10/19/2020,Female,Banco de desarrollo rural,BANRURAL,Ahorro,0
Ty,Kittow,1976810418,tkittowm@mapquest.com,10/19/2020,Female,Banco de desarrollo rural,BANRURAL,Ahorro,0
Ty,Kittow,1976810418,tkittowm@mapquest.com,10/19/2020,Female,Banco de desarrollo rural,BANRURAL,Ahorro,0
Ty,Kittow,1976810418,tkittowm@mapquest.com,10/19/2020,Female,Banco de desarrollo rural,BANRURAL,Ahorro,0
Ty,Kittow,1976810418,tkittowm@mapquest.com,10/19/2020,Female,Banco G&T,G&T,Monetaria en $,0
Ty,Kittow,1976810418,tkittowm@mapquest.com,10/19/2020,Female,Banco G&T,G&T,Monetaria en $,0
Ty,Kittow,1976810418,tkittowm@mapquest.com,10/19/2020,Female,Banco G&T,G&T,Monetaria en $,0
Devin,Sheere,2286509069,dsheere23@bluehost.com,7/9/2020,Female,Banco Agromercantil,BAM,Ahorro,3494
Devin,Sheere,2286509069,dsheere23@bluehost.com,7/9/2020,Female,Banco G&T,G&T,Monetaria en Q,3001
Devin,Sheere,2286509069,dsheere23@bluehost.com,7/9/2020,Female,Banco Industrial,BI,Monetaria en Q,1858
Devin,Sheere,2286509069,dsheere23@bluehost.com,7/9/2020,Female,Banco Industrial,BI,Monetaria en Q,1858
Devin,Sheere,2286509069,dsheere23@bluehost.com,7/9/2020,Female,Banco Industrial,BI,Monetaria en Q,1858
Devin,Sheere,2286509069,dsheere23@bluehost.com,7/9/2020,Female,Banco Industrial,BI,Monetaria en Q,1858
Ddene,Tant,2293083373,dtant4@symantec.com,3/3/2020,Male,Banco de desarrollo rural,BANRURAL,Monetaria en $,0
Ddene,Tant,2293083373,dtant4@symantec.com,3/3/2020,Male,Banco de desarrollo rural,BANRURAL,Monetaria en $,0
Ddene,Tant,2293083373,dtant4@symantec.com,3/3/2020,Male,Banco Industrial,BI,Ahorro,0
Ddene,Tant,2293083373,dtant4@symantec.com,3/3/2020,Male,Banco Industrial,BI,Ahorro,0
Manuel,Gouldstone,2293547442,mgouldstonen@jimdo.com,8/28/2020,Female,Banco G&T,G&T,Ahorro,0
Manuel,Gouldstone,2293547442,mgouldstonen@jimdo.com,8/28/2020,Female,Banco G&T,G&T,Ahorro,0
Manuel,Gouldstone,2293547442,mgouldstonen@jimdo.com,8/28/2020,Female,Banco G&T,G&T,Ahorro,0
Manuel,Gouldstone,2293547442,mgouldstonen@jimdo.com,8/28/2020,Female,Banco G&T,G&T,Ahorro,0
Manuel,Gouldstone,2293547442,mgouldstonen@jimdo.com,8/28/2020,Female,Banco Industrial,BI,Monetaria en $,0
Manuel,Gouldstone,2293547442,mgouldstonen@jimdo.com,8/28/2020,Female,Banco Industrial,BI,Monetaria en $,0
Manuel,Gouldstone,2293547442,mgouldstonen@jimdo.com,8/28/2020,Female,Banco Industrial,BI,Monetaria en $,0
Jeanie,Badman,2320648240,jbadmanu@toplist.cz,8/10/2020,Male,Banco Agromercantil,BAM,Ahorro,1563
Jeanie,Badman,2320648240,jbadmanu@toplist.cz,8/10/2020,Male,Banco Agromercantil,BAM,Ahorro,1563
Jeanie,Badman,2320648240,jbadmanu@toplist.cz,8/10/2020,Male,Banco G&T,G&T,Monetaria en Q,0
Jeanie,Badman,2320648240,jbadmanu@toplist.cz,8/10/2020,Male,Banco G&T,G&T,Monetaria en Q,0
Jeanie,Badman,2320648240,jbadmanu@toplist.cz,8/10/2020,Male,Banco G&T,G&T,Monetaria en Q,0
Jeanie,Badman,2320648240,jbadmanu@toplist.cz,8/10/2020,Male,Banco G&T,G&T,Monetaria en Q,0
Jeanie,Badman,2320648240,jbadmanu@toplist.cz,8/10/2020,Male,Banco G&T,G&T,Monetaria en Q,0
Jeanie,Badman,2320648240,jbadmanu@toplist.cz,8/10/2020,Male,Banco G&T,G&T,Monetaria en Q,0
Jeanie,Badman,2320648240,jbadmanu@toplist.cz,8/10/2020,Male,Banco G&T,G&T,Monetaria en Q,0
Jeanie,Badman,2320648240,jbadmanu@toplist.cz,8/10/2020,Male,Banco Promerica,Promerica,Monetaria en $,0
Jeanie,Badman,2320648240,jbadmanu@toplist.cz,8/10/2020,Male,Banco Promerica,Promerica,Monetaria en $,0
Alfie,Castellaccio,2344960856,acastellaccio1c@wsj.com,8/26/2020,Female,Banco Agromercantil,BAM,Monetaria en Q,0
Alfie,Castellaccio,2344960856,acastellaccio1c@wsj.com,8/26/2020,Female,Banco Agromercantil,BAM,Monetaria en Q,690
Alfie,Castellaccio,2344960856,acastellaccio1c@wsj.com,8/26/2020,Female,Banco Agromercantil,BAM,Monetaria en Q,690
Alfie,Castellaccio,2344960856,acastellaccio1c@wsj.com,8/26/2020,Female,Banco Agromercantil,BAM,Monetaria en Q,0
Alfie,Castellaccio,2344960856,acastellaccio1c@wsj.com,8/26/2020,Female,Banco Agromercantil,BAM,Monetaria en Q,0
Alfie,Castellaccio,2344960856,acastellaccio1c@wsj.com,8/26/2020,Female,Banco de desarrollo rural,BANRURAL,Monetaria en $,0
Alfie,Castellaccio,2344960856,acastellaccio1c@wsj.com,8/26/2020,Female,Banco de desarrollo rural,BANRURAL,Monetaria en Q,0
Alfie,Castellaccio,2344960856,acastellaccio1c@wsj.com,8/26/2020,Female,Banco de desarrollo rural,BANRURAL,Monetaria en Q,0
Alfie,Castellaccio,2344960856,acastellaccio1c@wsj.com,8/26/2020,Female,Banco de desarrollo rural,BANRURAL,Monetaria en $,0
Alfie,Castellaccio,2344960856,acastellaccio1c@wsj.com,8/26/2020,Female,Banco de desarrollo rural,BANRURAL,Monetaria en $,0
Alfie,Castellaccio,2344960856,acastellaccio1c@wsj.com,8/26/2020,Female,Banco de desarrollo rural,BANRURAL,Monetaria en Q,0
Alfie,Castellaccio,2344960856,acastellaccio1c@wsj.com,8/26/2020,Female,Banco de desarrollo rural,BANRURAL,Ahorro,0
Alfie,Castellaccio,2344960856,acastellaccio1c@wsj.com,8/26/2020,Female,Banco G&T,G&T,Monetaria en $,0
Alfie,Castellaccio,2344960856,acastellaccio1c@wsj.com,8/26/2020,Female,Banco G&T,G&T,Monetaria en $,0
Alfie,Castellaccio,2344960856,acastellaccio1c@wsj.com,8/26/2020,Female,Banco G&T,G&T,Monetaria en $,0
Alfie,Castellaccio,2344960856,acastellaccio1c@wsj.com,8/26/2020,Female,Banco G&T,G&T,Monetaria en $,0
Vonny,Westall,2354138652,vwestall2q@nps.gov,1/19/2020,Female,Banco G&T,G&T,Monetaria en Q,3604
Vonny,Westall,2354138652,vwestall2q@nps.gov,1/19/2020,Female,Banco G&T,G&T,Monetaria en Q,3604
Vonny,Westall,2354138652,vwestall2q@nps.gov,1/19/2020,Female,Banco G&T,G&T,Ahorro,0
Vonny,Westall,2354138652,vwestall2q@nps.gov,1/19/2020,Female,Banco G&T,G&T,Monetaria en Q,3604
Vonny,Westall,2354138652,vwestall2q@nps.gov,1/19/2020,Female,Banco G&T,G&T,Ahorro,0
Vonny,Westall,2354138652,vwestall2q@nps.gov,1/19/2020,Female,Banco G&T,G&T,Ahorro,0
Daffy,Marages,2720935689,dmarages8@360.cn,3/23/2020,Male,Banco G&T,G&T,Monetaria en Q,0
Daffy,Marages,2720935689,dmarages8@360.cn,3/23/2020,Male,Banco G&T,G&T,Monetaria en Q,0
Daffy,Marages,2720935689,dmarages8@360.cn,3/23/2020,Male,Banco Promerica,Promerica,Monetaria en Q,1575
Daffy,Marages,2720935689,dmarages8@360.cn,3/23/2020,Male,Banco Promerica,Promerica,Monetaria en Q,1575
Daffy,Marages,2720935689,dmarages8@360.cn,3/23/2020,Male,Banco Promerica,Promerica,Monetaria en Q,1575
Leonelle,Copp,2843482992,lcopp1m@yandex.ru,3/22/2020,Male,Banco Agromercantil,BAM,Monetaria en $,0
Leonelle,Copp,2843482992,lcopp1m@yandex.ru,3/22/2020,Male,Banco Agromercantil,BAM,Monetaria en $,0
Riva,Gaven,2897073799,rgaven9@live.com,10/11/2020,Female,Banco Agromercantil,BAM,Monetaria en Q,0
Riva,Gaven,2897073799,rgaven9@live.com,10/11/2020,Female,Banco Agromercantil,BAM,Monetaria en Q,0
Riva,Gaven,2897073799,rgaven9@live.com,10/11/2020,Female,Banco Agromercantil,BAM,Monetaria en Q,0
Riva,Gaven,2897073799,rgaven9@live.com,10/11/2020,Female,Banco Promerica,Promerica,Monetaria en Q,3771
Riva,Gaven,2897073799,rgaven9@live.com,10/11/2020,Female,Banco Promerica,Promerica,Monetaria en $,0
Riva,Gaven,2897073799,rgaven9@live.com,10/11/2020,Female,Banco Promerica,Promerica,Monetaria en $,0
Riva,Gaven,2897073799,rgaven9@live.com,10/11/2020,Female,Banco Promerica,Promerica,Monetaria en Q,3771
Riva,Gaven,2897073799,rgaven9@live.com,10/11/2020,Female,Banco Promerica,Promerica,Monetaria en $,0
Riva,Gaven,2897073799,rgaven9@live.com,10/11/2020,Female,Banco Promerica,Promerica,Monetaria en $,0
Hieronymus,Penn,3070506224,hpenn2m@aboutads.info,2/25/2020,Male,Banco de desarrollo rural,BANRURAL,Monetaria en $,1264
Hieronymus,Penn,3070506224,hpenn2m@aboutads.info,2/25/2020,Male,Banco de desarrollo rural,BANRURAL,Monetaria en $,1264
Hieronymus,Penn,3070506224,hpenn2m@aboutads.info,2/25/2020,Male,Banco de desarrollo rural,BANRURAL,Monetaria en $,1264
Hieronymus,Penn,3070506224,hpenn2m@aboutads.info,2/25/2020,Male,Banco de desarrollo rural,BANRURAL,Monetaria en $,1264
Inga,Cromleholme,3179095431,icromleholmet@artisteer.com,11/25/2020,Female,Banco Industrial,BI,Ahorro,3387
Inga,Cromleholme,3179095431,icromleholmet@artisteer.com,11/25/2020,Female,Banco Industrial,BI,Ahorro,3387
Inga,Cromleholme,3179095431,icromleholmet@artisteer.com,11/25/2020,Female,Banco Industrial,BI,Ahorro,3387
Inga,Cromleholme,3179095431,icromleholmet@artisteer.com,11/25/2020,Female,Banco Industrial,BI,Ahorro,3387
Inga,Cromleholme,3179095431,icromleholmet@artisteer.com,11/25/2020,Female,Banco Industrial,BI,Ahorro,3387
Inga,Cromleholme,3179095431,icromleholmet@artisteer.com,11/25/2020,Female,Banco Promerica,Promerica,Ahorro,2864
Inga,Cromleholme,3179095431,icromleholmet@artisteer.com,11/25/2020,Female,Banco Promerica,Promerica,Monetaria en $,0
Inga,Cromleholme,3179095431,icromleholmet@artisteer.com,11/25/2020,Female,Banco Promerica,Promerica,Ahorro,2864
Inga,Cromleholme,3179095431,icromleholmet@artisteer.com,11/25/2020,Female,Banco Promerica,Promerica,Ahorro,2864
Jeanne,Ciottoi,3199681735,jciottoi18@un.org,3/1/2020,Female,Banco de desarrollo rural,BANRURAL,Monetaria en $,2743
Jeanne,Ciottoi,3199681735,jciottoi18@un.org,3/1/2020,Female,Banco de desarrollo rural,BANRURAL,Monetaria en $,2743
Ulla,Balloch,3278286464,uballoch29@booking.com,6/12/2020,Female,Banco G&T,G&T,Monetaria en $,2162
Ulla,Balloch,3278286464,uballoch29@booking.com,6/12/2020,Female,Banco Promerica,Promerica,Monetaria en Q,0
Collie,Leatherland,3334586502,cleatherland1r@shareasale.com,8/20/2020,Male,Banco Industrial,BI,Monetaria en Q,0
Collie,Leatherland,3334586502,cleatherland1r@shareasale.com,8/20/2020,Male,Banco Industrial,BI,Monetaria en Q,0
Collie,Leatherland,3334586502,cleatherland1r@shareasale.com,8/20/2020,Male,Banco Industrial,BI,Monetaria en Q,0
Collie,Leatherland,3334586502,cleatherland1r@shareasale.com,8/20/2020,Male,Banco Industrial,BI,Monetaria en Q,0
Collie,Leatherland,3334586502,cleatherland1r@shareasale.com,8/20/2020,Male,Banco Industrial,BI,Monetaria en Q,0
Collie,Leatherland,3334586502,cleatherland1r@shareasale.com,8/20/2020,Male,Banco Promerica,Promerica,Ahorro,0
Collie,Leatherland,3334586502,cleatherland1r@shareasale.com,8/20/2020,Male,Banco Promerica,Promerica,Ahorro,0
Collie,Leatherland,3334586502,cleatherland1r@shareasale.com,8/20/2020,Male,Banco Promerica,Promerica,Ahorro,0
Collie,Leatherland,3334586502,cleatherland1r@shareasale.com,8/20/2020,Male,Banco Promerica,Promerica,Ahorro,0
Vassili,Drowsfield,3345353652,vdrowsfield2k@devhub.com,10/18/2020,Male,Banco Agromercantil,BAM,Monetaria en Q,3999
Vassili,Drowsfield,3345353652,vdrowsfield2k@devhub.com,10/18/2020,Male,Banco Agromercantil,BAM,Monetaria en Q,3999
Vassili,Drowsfield,3345353652,vdrowsfield2k@devhub.com,10/18/2020,Male,Banco G&T,G&T,Monetaria en $,446
Vassili,Drowsfield,3345353652,vdrowsfield2k@devhub.com,10/18/2020,Male,Banco G&T,G&T,Monetaria en $,446
Vassili,Drowsfield,3345353652,vdrowsfield2k@devhub.com,10/18/2020,Male,Banco G&T,G&T,Monetaria en $,446
Vassili,Drowsfield,3345353652,vdrowsfield2k@devhub.com,10/18/2020,Male,Banco Promerica,Promerica,Ahorro,1680
Vassili,Drowsfield,3345353652,vdrowsfield2k@devhub.com,10/18/2020,Male,Banco Promerica,Promerica,Ahorro,1680
Vassili,Drowsfield,3345353652,vdrowsfield2k@devhub.com,10/18/2020,Male,Banco Promerica,Promerica,Ahorro,1680
Ardys,Cave,3418211453,acave2e@unblog.fr,11/24/2020,Male,Banco Promerica,Promerica,Ahorro,0
Ardys,Cave,3418211453,acave2e@unblog.fr,11/24/2020,Male,Banco Promerica,Promerica,Ahorro,0
Willie,Brahan,3601075148,wbrahane@symantec.com,1/13/2020,Female,Banco G&T,G&T,Monetaria en $,3085
Willie,Brahan,3601075148,wbrahane@symantec.com,1/13/2020,Female,Banco G&T,G&T,Monetaria en $,3085
Willie,Brahan,3601075148,wbrahane@symantec.com,1/13/2020,Female,Banco G&T,G&T,Monetaria en $,3085
Willie,Brahan,3601075148,wbrahane@symantec.com,1/13/2020,Female,Banco G&T,G&T,Monetaria en $,3085
Willie,Brahan,3601075148,wbrahane@symantec.com,1/13/2020,Female,Banco G&T,G&T,Monetaria en $,3085
Willie,Brahan,3601075148,wbrahane@symantec.com,1/13/2020,Female,Banco Promerica,Promerica,Monetaria en $,2527
Willie,Brahan,3601075148,wbrahane@symantec.com,1/13/2020,Female,Banco Promerica,Promerica,Monetaria en $,2527
Willie,Brahan,3601075148,wbrahane@symantec.com,1/13/2020,Female,Banco Promerica,Promerica,Monetaria en $,2527
Willie,Brahan,3601075148,wbrahane@symantec.com,1/13/2020,Female,Banco Promerica,Promerica,Monetaria en $,2527
Willie,Brahan,3601075148,wbrahane@symantec.com,1/13/2020,Female,Banco Promerica,Promerica,Monetaria en $,2527
Willie,Brahan,3601075148,wbrahane@symantec.com,1/13/2020,Female,Banco Promerica,Promerica,Monetaria en $,2527
Raff,Meah,3693967563,rmeah27@washingtonpost.com,7/25/2020,Male,Banco G&T,G&T,Monetaria en $,1225
Raff,Meah,3693967563,rmeah27@washingtonpost.com,7/25/2020,Male,Banco G&T,G&T,Monetaria en $,1225
Raff,Meah,3693967563,rmeah27@washingtonpost.com,7/25/2020,Male,Banco Industrial,BI,Ahorro,1190
Raff,Meah,3693967563,rmeah27@washingtonpost.com,7/25/2020,Male,Banco Industrial,BI,Ahorro,1190
Raff,Meah,3693967563,rmeah27@washingtonpost.com,7/25/2020,Male,Banco Industrial,BI,Ahorro,1190
Reinwald,Raphael,3808552263,rraphaelr@jiathis.com,9/8/2020,Male,Banco Industrial,BI,Monetaria en Q,0
Reinwald,Raphael,3808552263,rraphaelr@jiathis.com,9/8/2020,Male,Banco Industrial,BI,Monetaria en Q,0
Reinwald,Raphael,3808552263,rraphaelr@jiathis.com,9/8/2020,Male,Banco Industrial,BI,Monetaria en Q,0
Reinwald,Raphael,3808552263,rraphaelr@jiathis.com,9/8/2020,Male,Banco Industrial,BI,Monetaria en Q,0
Tripp,Ingree,3888897025,tingree1e@google.com.hk,9/14/2020,Male,Banco Agromercantil,BAM,Ahorro,0
Tripp,Ingree,3888897025,tingree1e@google.com.hk,9/14/2020,Male,Banco Agromercantil,BAM,Ahorro,1610
Tripp,Ingree,3888897025,tingree1e@google.com.hk,9/14/2020,Male,Banco Agromercantil,BAM,Ahorro,0
Tripp,Ingree,3888897025,tingree1e@google.com.hk,9/14/2020,Male,Banco Agromercantil,BAM,Ahorro,0
Tripp,Ingree,3888897025,tingree1e@google.com.hk,9/14/2020,Male,Banco Agromercantil,BAM,Ahorro,1610
Tripp,Ingree,3888897025,tingree1e@google.com.hk,9/14/2020,Male,Banco Agromercantil,BAM,Ahorro,0
Maressa,Delgadillo,3899636643,mdelgadillo1t@ihg.com,4/5/2020,Female,Banco Industrial,BI,Ahorro,0
Maressa,Delgadillo,3899636643,mdelgadillo1t@ihg.com,4/5/2020,Female,Banco Industrial,BI,Ahorro,0
Maressa,Delgadillo,3899636643,mdelgadillo1t@ihg.com,4/5/2020,Female,Banco Industrial,BI,Ahorro,0
Arron,Dalziel,4113842388,adalziel2g@narod.ru,3/30/2020,Female,Banco de desarrollo rural,BANRURAL,Monetaria en $,391
Arron,Dalziel,4113842388,adalziel2g@narod.ru,3/30/2020,Female,Banco de desarrollo rural,BANRURAL,Monetaria en $,391
Arron,Dalziel,4113842388,adalziel2g@narod.ru,3/30/2020,Female,Banco G&T,G&T,Monetaria en Q,409
Arron,Dalziel,4113842388,adalziel2g@narod.ru,3/30/2020,Female,Banco G&T,G&T,Monetaria en Q,409
Arron,Dalziel,4113842388,adalziel2g@narod.ru,3/30/2020,Female,Banco G&T,G&T,Monetaria en Q,409
Dale,Goslin,4243293546,dgoslin26@redcross.org,5/23/2020,Male,Banco G&T,G&T,Ahorro,0
Dale,Goslin,4243293546,dgoslin26@redcross.org,5/23/2020,Male,Banco G&T,G&T,Ahorro,0
Dale,Goslin,4243293546,dgoslin26@redcross.org,5/23/2020,Male,Banco G&T,G&T,Ahorro,0
Dale,Goslin,4243293546,dgoslin26@redcross.org,5/23/2020,Male,Banco G&T,G&T,Ahorro,0
Dale,Goslin,4243293546,dgoslin26@redcross.org,5/23/2020,Male,Banco Promerica,Promerica,Ahorro,0
Dale,Goslin,4243293546,dgoslin26@redcross.org,5/23/2020,Male,Banco Promerica,Promerica,Ahorro,0
Donielle,Duckham,4348903484,dduckhamg@baidu.com,1/13/2020,Female,Banco de desarrollo rural,BANRURAL,Monetaria en Q,0
Donielle,Duckham,4348903484,dduckhamg@baidu.com,1/13/2020,Female,Banco de desarrollo rural,BANRURAL,Monetaria en Q,0
Antonetta,Bowler,4380702766,abowlerv@cmu.edu,10/29/2020,Male,Banco Agromercantil,BAM,Monetaria en $,2300
Antonetta,Bowler,4380702766,abowlerv@cmu.edu,10/29/2020,Male,Banco Agromercantil,BAM,Monetaria en $,2300
Antonetta,Bowler,4380702766,abowlerv@cmu.edu,10/29/2020,Male,Banco Agromercantil,BAM,Monetaria en $,2300
Antonetta,Bowler,4380702766,abowlerv@cmu.edu,10/29/2020,Male,Banco Agromercantil,BAM,Monetaria en $,2300
Antonetta,Bowler,4380702766,abowlerv@cmu.edu,10/29/2020,Male,Banco Agromercantil,BAM,Monetaria en $,2300
Antonetta,Bowler,4380702766,abowlerv@cmu.edu,10/29/2020,Male,Banco de desarrollo rural,BANRURAL,Ahorro,217
Antonetta,Bowler,4380702766,abowlerv@cmu.edu,10/29/2020,Male,Banco de desarrollo rural,BANRURAL,Ahorro,217
Antonetta,Bowler,4380702766,abowlerv@cmu.edu,10/29/2020,Male,Banco de desarrollo rural,BANRURAL,Ahorro,217
Sascha,Kennedy,4464029000,skennedyc@cam.ac.uk,5/15/2020,Male,Banco G&T,G&T,Monetaria en $,0
Sascha,Kennedy,4464029000,skennedyc@cam.ac.uk,5/15/2020,Male,Banco G&T,G&T,Monetaria en $,0
Sascha,Kennedy,4464029000,skennedyc@cam.ac.uk,5/15/2020,Male,Banco Promerica,Promerica,Ahorro,0
Sascha,Kennedy,4464029000,skennedyc@cam.ac.uk,5/15/2020,Male,Banco Promerica,Promerica,Ahorro,0
Sascha,Kennedy,4464029000,skennedyc@cam.ac.uk,5/15/2020,Male,Banco Promerica,Promerica,Ahorro,0
Sascha,Kennedy,4464029000,skennedyc@cam.ac.uk,5/15/2020,Male,Banco Promerica,Promerica,Ahorro,0
Sascha,Kennedy,4464029000,skennedyc@cam.ac.uk,5/15/2020,Male,Banco Promerica,Promerica,Ahorro,0
Puff,Huerta,4474118367,phuerta1x@opensource.org,3/12/2020,Female,Banco de desarrollo rural,BANRURAL,Monetaria en Q,0
Puff,Huerta,4474118367,phuerta1x@opensource.org,3/12/2020,Female,Banco G&T,G&T,Monetaria en Q,0
Puff,Huerta,4474118367,phuerta1x@opensource.org,3/12/2020,Female,Banco G&T,G&T,Monetaria en Q,0
Sax,Stephenson,4640351089,sstephensonj@cnn.com,3/23/2020,Female,Banco Agromercantil,BAM,Ahorro,0
Sax,Stephenson,4640351089,sstephensonj@cnn.com,3/23/2020,Female,Banco Agromercantil,BAM,Ahorro,0
Sax,Stephenson,4640351089,sstephensonj@cnn.com,3/23/2020,Female,Banco Agromercantil,BAM,Ahorro,0
Sax,Stephenson,4640351089,sstephensonj@cnn.com,3/23/2020,Female,Banco Agromercantil,BAM,Ahorro,0
Sax,Stephenson,4640351089,sstephensonj@cnn.com,3/23/2020,Female,Banco Agromercantil,BAM,Ahorro,0
Sax,Stephenson,4640351089,sstephensonj@cnn.com,3/23/2020,Female,Banco Agromercantil,BAM,Ahorro,0
Sax,Stephenson,4640351089,sstephensonj@cnn.com,3/23/2020,Female,Banco Agromercantil,BAM,Ahorro,0
Willy,Geraldo,4650277515,wgeraldo2d@ox.ac.uk,8/10/2020,Male,Banco de desarrollo rural,BANRURAL,Monetaria en $,0
Willy,Geraldo,4650277515,wgeraldo2d@ox.ac.uk,8/10/2020,Male,Banco de desarrollo rural,BANRURAL,Monetaria en $,0
Henriette,Stag,5203620156,hstag1l@vimeo.com,5/2/2020,Male,Banco de desarrollo rural,BANRURAL,Monetaria en $,567
Henriette,Stag,5203620156,hstag1l@vimeo.com,5/2/2020,Male,Banco de desarrollo rural,BANRURAL,Monetaria en $,567
Zack,Stainton - Skinn,5413394497,zstaintonskinn2c@plala.or.jp,3/17/2020,Female,Banco Promerica,Promerica,Monetaria en Q,0
Zack,Stainton - Skinn,5413394497,zstaintonskinn2c@plala.or.jp,3/17/2020,Female,Banco Promerica,Promerica,Monetaria en Q,0
Zack,Stainton - Skinn,5413394497,zstaintonskinn2c@plala.or.jp,3/17/2020,Female,Banco Promerica,Promerica,Monetaria en Q,0
Corliss,McCord,5563911438,cmccordx@howstuffworks.com,9/12/2020,Male,Banco Agromercantil,BAM,Monetaria en $,0
Corliss,McCord,5563911438,cmccordx@howstuffworks.com,9/12/2020,Male,Banco Agromercantil,BAM,Monetaria en $,0
Corliss,McCord,5563911438,cmccordx@howstuffworks.com,9/12/2020,Male,Banco Agromercantil,BAM,Monetaria en $,0
Corliss,McCord,5563911438,cmccordx@howstuffworks.com,9/12/2020,Male,Banco Promerica,Promerica,Monetaria en $,0
Timmi,Hovie,5618537931,thovied@imgur.com,3/31/2020,Female,Banco Agromercantil,BAM,Ahorro,0
Timmi,Hovie,5618537931,thovied@imgur.com,3/31/2020,Female,Banco Agromercantil,BAM,Ahorro,0
Timmi,Hovie,5618537931,thovied@imgur.com,3/31/2020,Female,Banco G&T,G&T,Ahorro,784
Timmi,Hovie,5618537931,thovied@imgur.com,3/31/2020,Female,Banco G&T,G&T,Ahorro,784
Locke,Kordas,5791637586,lkordas7@aboutads.info,5/6/2020,Female,Banco G&T,G&T,Monetaria en Q,0
Locke,Kordas,5791637586,lkordas7@aboutads.info,5/6/2020,Female,Banco G&T,G&T,Monetaria en Q,0
Locke,Kordas,5791637586,lkordas7@aboutads.info,5/6/2020,Female,Banco G&T,G&T,Monetaria en Q,0
Locke,Kordas,5791637586,lkordas7@aboutads.info,5/6/2020,Female,Banco Promerica,Promerica,Monetaria en $,2747
Locke,Kordas,5791637586,lkordas7@aboutads.info,5/6/2020,Female,Banco Promerica,Promerica,Monetaria en $,2747
Locke,Kordas,5791637586,lkordas7@aboutads.info,5/6/2020,Female,Banco Promerica,Promerica,Monetaria en $,2747
Locke,Kordas,5791637586,lkordas7@aboutads.info,5/6/2020,Female,Banco Promerica,Promerica,Monetaria en $,2747
Locke,Kordas,5791637586,lkordas7@aboutads.info,5/6/2020,Female,Banco Promerica,Promerica,Monetaria en $,2747
Locke,Kordas,5791637586,lkordas7@aboutads.info,5/6/2020,Female,Banco Promerica,Promerica,Monetaria en $,2747
Paul,Fleming,5878519224,pflemingz@ft.com,9/26/2020,Male,Banco Promerica,Promerica,Monetaria en $,0
Paul,Fleming,5878519224,pflemingz@ft.com,9/26/2020,Male,Banco Promerica,Promerica,Monetaria en $,0
Paul,Fleming,5878519224,pflemingz@ft.com,9/26/2020,Male,Banco Promerica,Promerica,Monetaria en $,0
Gracia,Burchill,5981356200,gburchilll@baidu.com,7/2/2020,Female,Banco de desarrollo rural,BANRURAL,Monetaria en $,0
Gracia,Burchill,5981356200,gburchilll@baidu.com,7/2/2020,Female,Banco de desarrollo rural,BANRURAL,Monetaria en $,0
Gracia,Burchill,5981356200,gburchilll@baidu.com,7/2/2020,Female,Banco Promerica,Promerica,Monetaria en $,2291
Gracia,Burchill,5981356200,gburchilll@baidu.com,7/2/2020,Female,Banco Promerica,Promerica,Monetaria en $,2291
Elnore,Foy,6154977174,efoy19@smh.com.au,11/2/2020,Male,Banco Agromercantil,BAM,Ahorro,2257
Elnore,Foy,6154977174,efoy19@smh.com.au,11/2/2020,Male,Banco Agromercantil,BAM,Ahorro,2257
Elnore,Foy,6154977174,efoy19@smh.com.au,11/2/2020,Male,Banco Agromercantil,BAM,Ahorro,2257
Janith,Metheringham,6172401947,jmetheringham15@nytimes.com,1/30/2020,Male,Banco Agromercantil,BAM,Monetaria en $,0
Janith,Metheringham,6172401947,jmetheringham15@nytimes.com,1/30/2020,Male,Banco Agromercantil,BAM,Monetaria en $,0
Janith,Metheringham,6172401947,jmetheringham15@nytimes.com,1/30/2020,Male,Banco Agromercantil,BAM,Monetaria en $,0
Janith,Metheringham,6172401947,jmetheringham15@nytimes.com,1/30/2020,Male,Banco Industrial,BI,Monetaria en $,0
Ike,Nickels,6290621491,inickels25@squidoo.com,9/22/2020,Male,Banco de desarrollo rural,BANRURAL,Monetaria en Q,423
Ike,Nickels,6290621491,inickels25@squidoo.com,9/22/2020,Male,Banco de desarrollo rural,BANRURAL,Monetaria en Q,423
Ike,Nickels,6290621491,inickels25@squidoo.com,9/22/2020,Male,Banco de desarrollo rural,BANRURAL,Monetaria en Q,423
Dahlia,Greiser,6310900986,dgreiser1o@icio.us,9/17/2020,Female,Banco Industrial,BI,Monetaria en $,1258
Dahlia,Greiser,6310900986,dgreiser1o@icio.us,9/17/2020,Female,Banco Industrial,BI,Monetaria en $,1258
Cherry,Youtead,6393106875,cyoutead1f@washingtonpost.com,7/10/2020,Female,Banco de desarrollo rural,BANRURAL,Monetaria en Q,2311
Cherry,Youtead,6393106875,cyoutead1f@washingtonpost.com,7/10/2020,Female,Banco de desarrollo rural,BANRURAL,Monetaria en Q,2311
Cherry,Youtead,6393106875,cyoutead1f@washingtonpost.com,7/10/2020,Female,Banco G&T,G&T,Monetaria en Q,1189
Cherry,Youtead,6393106875,cyoutead1f@washingtonpost.com,7/10/2020,Female,Banco G&T,G&T,Monetaria en Q,1189
Cherry,Youtead,6393106875,cyoutead1f@washingtonpost.com,7/10/2020,Female,Banco G&T,G&T,Monetaria en Q,1189
Cherry,Youtead,6393106875,cyoutead1f@washingtonpost.com,7/10/2020,Female,Banco G&T,G&T,Monetaria en Q,1189
Cherry,Youtead,6393106875,cyoutead1f@washingtonpost.com,7/10/2020,Female,Banco Promerica,Promerica,Ahorro,0
Cherry,Youtead,6393106875,cyoutead1f@washingtonpost.com,7/10/2020,Female,Banco Promerica,Promerica,Ahorro,0
Cherry,Youtead,6393106875,cyoutead1f@washingtonpost.com,7/10/2020,Female,Banco Promerica,Promerica,Ahorro,0
Cherry,Youtead,6393106875,cyoutead1f@washingtonpost.com,7/10/2020,Female,Banco Promerica,Promerica,Ahorro,0
Cherry,Youtead,6393106875,cyoutead1f@washingtonpost.com,7/10/2020,Female,Banco Promerica,Promerica,Ahorro,0
Sunny,Alvin,6456388384,salvins@hatena.ne.jp,1/10/2020,Male,Banco Agromercantil,BAM,Monetaria en $,0
Sunny,Alvin,6456388384,salvins@hatena.ne.jp,1/10/2020,Male,Banco Agromercantil,BAM,Monetaria en $,0
Sunny,Alvin,6456388384,salvins@hatena.ne.jp,1/10/2020,Male,Banco Agromercantil,BAM,Monetaria en $,0
Sunny,Alvin,6456388384,salvins@hatena.ne.jp,1/10/2020,Male,Banco Agromercantil,BAM,Monetaria en $,0
Sunny,Alvin,6456388384,salvins@hatena.ne.jp,1/10/2020,Male,Banco Promerica,Promerica,Monetaria en $,760
Deni,Tarn,6467582497,dtarn1u@cornell.edu,6/3/2020,Female,Banco Agromercantil,BAM,Monetaria en Q,0
Deni,Tarn,6467582497,dtarn1u@cornell.edu,6/3/2020,Female,Banco de desarrollo rural,BANRURAL,Monetaria en $,3991
Deni,Tarn,6467582497,dtarn1u@cornell.edu,6/3/2020,Female,Banco de desarrollo rural,BANRURAL,Monetaria en $,3991
Deni,Tarn,6467582497,dtarn1u@cornell.edu,6/3/2020,Female,Banco de desarrollo rural,BANRURAL,Monetaria en $,3991
Deni,Tarn,6467582497,dtarn1u@cornell.edu,6/3/2020,Female,Banco de desarrollo rural,BANRURAL,Monetaria en $,3991
Deni,Tarn,6467582497,dtarn1u@cornell.edu,6/3/2020,Female,Banco de desarrollo rural,BANRURAL,Monetaria en $,3991
Deni,Tarn,6467582497,dtarn1u@cornell.edu,6/3/2020,Female,Banco G&T,G&T,Monetaria en $,4968
Deni,Tarn,6467582497,dtarn1u@cornell.edu,6/3/2020,Female,Banco G&T,G&T,Monetaria en Q,4105
Deni,Tarn,6467582497,dtarn1u@cornell.edu,6/3/2020,Female,Banco G&T,G&T,Monetaria en Q,4105
Deni,Tarn,6467582497,dtarn1u@cornell.edu,6/3/2020,Female,Banco G&T,G&T,Monetaria en Q,4105
Deni,Tarn,6467582497,dtarn1u@cornell.edu,6/3/2020,Female,Banco G&T,G&T,Monetaria en Q,4105
Deni,Tarn,6467582497,dtarn1u@cornell.edu,6/3/2020,Female,Banco G&T,G&T,Monetaria en Q,4105
Deni,Tarn,6467582497,dtarn1u@cornell.edu,6/3/2020,Female,Banco Promerica,Promerica,Monetaria en $,0
Deni,Tarn,6467582497,dtarn1u@cornell.edu,6/3/2020,Female,Banco Promerica,Promerica,Monetaria en $,0
Deni,Tarn,6467582497,dtarn1u@cornell.edu,6/3/2020,Female,Banco Promerica,Promerica,Monetaria en $,0
Deni,Tarn,6467582497,dtarn1u@cornell.edu,6/3/2020,Female,Banco Promerica,Promerica,Monetaria en $,0
Deni,Tarn,6467582497,dtarn1u@cornell.edu,6/3/2020,Female,Banco Promerica,Promerica,Monetaria en $,0
Deni,Tarn,6467582497,dtarn1u@cornell.edu,6/3/2020,Female,Banco Promerica,Promerica,Monetaria en $,0
Tina,De Beauchemp,6668839878,tdebeauchemp10@senate.gov,1/23/2020,Female,Banco Agromercantil,BAM,Ahorro,3027
Tina,De Beauchemp,6668839878,tdebeauchemp10@senate.gov,1/23/2020,Female,Banco Agromercantil,BAM,Ahorro,315
Tina,De Beauchemp,6668839878,tdebeauchemp10@senate.gov,1/23/2020,Female,Banco Agromercantil,BAM,Ahorro,315
Tina,De Beauchemp,6668839878,tdebeauchemp10@senate.gov,1/23/2020,Female,Banco Agromercantil,BAM,Ahorro,315
Tina,De Beauchemp,6668839878,tdebeauchemp10@senate.gov,1/23/2020,Female,Banco Agromercantil,BAM,Ahorro,3027
Tina,De Beauchemp,6668839878,tdebeauchemp10@senate.gov,1/23/2020,Female,Banco de desarrollo rural,BANRURAL,Monetaria en $,3942
Tina,De Beauchemp,6668839878,tdebeauchemp10@senate.gov,1/23/2020,Female,Banco Industrial,BI,Ahorro,0
Tina,De Beauchemp,6668839878,tdebeauchemp10@senate.gov,1/23/2020,Female,Banco Industrial,BI,Ahorro,0
Tina,De Beauchemp,6668839878,tdebeauchemp10@senate.gov,1/23/2020,Female,Banco Promerica,Promerica,Monetaria en $,0
Tina,De Beauchemp,6668839878,tdebeauchemp10@senate.gov,1/23/2020,Female,Banco Promerica,Promerica,Monetaria en $,0
Tina,De Beauchemp,6668839878,tdebeauchemp10@senate.gov,1/23/2020,Female,Banco Promerica,Promerica,Monetaria en $,0
Tina,De Beauchemp,6668839878,tdebeauchemp10@senate.gov,1/23/2020,Female,Banco Promerica,Promerica,Monetaria en $,0
Tina,De Beauchemp,6668839878,tdebeauchemp10@senate.gov,1/23/2020,Female,Banco Promerica,Promerica,Monetaria en $,0
Maggee,Shergold,6816494733,mshergold14@hud.gov,12/14/2020,Female,Banco Industrial,BI,Monetaria en Q,0
Maggee,Shergold,6816494733,mshergold14@hud.gov,12/14/2020,Female,Banco Industrial,BI,Monetaria en Q,0
Maggee,Shergold,6816494733,mshergold14@hud.gov,12/14/2020,Female,Banco Industrial,BI,Monetaria en Q,0
Maggee,Shergold,6816494733,mshergold14@hud.gov,12/14/2020,Female,Banco Promerica,Promerica,Ahorro,3276
Morgun,Coots,6920115220,mcoots11@reuters.com,10/23/2020,Female,Banco G&T,G&T,Monetaria en $,0
Morgun,Coots,6920115220,mcoots11@reuters.com,10/23/2020,Female,Banco G&T,G&T,Monetaria en $,0
Morgun,Coots,6920115220,mcoots11@reuters.com,10/23/2020,Female,Banco Industrial,BI,Monetaria en Q,0
Morgun,Coots,6920115220,mcoots11@reuters.com,10/23/2020,Female,Banco Industrial,BI,Monetaria en Q,0
Morgun,Coots,6920115220,mcoots11@reuters.com,10/23/2020,Female,Banco Promerica,Promerica,Monetaria en $,0
Morgun,Coots,6920115220,mcoots11@reuters.com,10/23/2020,Female,Banco Promerica,Promerica,Monetaria en $,0
Morgun,Coots,6920115220,mcoots11@reuters.com,10/23/2020,Female,Banco Promerica,Promerica,Monetaria en $,0
Morgun,Coots,6920115220,mcoots11@reuters.com,10/23/2020,Female,Banco Promerica,Promerica,Monetaria en $,0
Kizzie,Pettman,6981272008,kpettman1j@weebly.com,8/9/2020,Female,Banco Industrial,BI,Ahorro,0
Kizzie,Pettman,6981272008,kpettman1j@weebly.com,8/9/2020,Female,Banco Promerica,Promerica,Ahorro,1774
Kizzie,Pettman,6981272008,kpettman1j@weebly.com,8/9/2020,Female,Banco Promerica,Promerica,Ahorro,1774
Kizzie,Pettman,6981272008,kpettman1j@weebly.com,8/9/2020,Female,Banco Promerica,Promerica,Ahorro,1774
Kizzie,Pettman,6981272008,kpettman1j@weebly.com,8/9/2020,Female,Banco Promerica,Promerica,Ahorro,1774
Kizzie,Pettman,6981272008,kpettman1j@weebly.com,8/9/2020,Female,Banco Promerica,Promerica,Ahorro,0
Kizzie,Pettman,6981272008,kpettman1j@weebly.com,8/9/2020,Female,Banco Promerica,Promerica,Ahorro,1774
Kizzie,Pettman,6981272008,kpettman1j@weebly.com,8/9/2020,Female,Banco Promerica,Promerica,Ahorro,1774
Kizzie,Pettman,6981272008,kpettman1j@weebly.com,8/9/2020,Female,Banco Promerica,Promerica,Ahorro,1774
Kizzie,Pettman,6981272008,kpettman1j@weebly.com,8/9/2020,Female,Banco Promerica,Promerica,Ahorro,1774
Kizzie,Pettman,6981272008,kpettman1j@weebly.com,8/9/2020,Female,Banco Promerica,Promerica,Ahorro,1774
Kizzie,Pettman,6981272008,kpettman1j@weebly.com,8/9/2020,Female,Banco Promerica,Promerica,Ahorro,1774
Kizzie,Pettman,6981272008,kpettman1j@weebly.com,8/9/2020,Female,Banco Promerica,Promerica,Ahorro,0
Kizzie,Pettman,6981272008,kpettman1j@weebly.com,8/9/2020,Female,Banco Promerica,Promerica,Ahorro,0
Burgess,Goudy,7154849568,bgoudy1a@reference.com,1/15/2020,Male,Banco Promerica,Promerica,Ahorro,977
Burgess,Goudy,7154849568,bgoudy1a@reference.com,1/15/2020,Male,Banco Promerica,Promerica,Ahorro,977
Burgess,Goudy,7154849568,bgoudy1a@reference.com,1/15/2020,Male,Banco Promerica,Promerica,Ahorro,977
Burgess,Goudy,7154849568,bgoudy1a@reference.com,1/15/2020,Male,Banco Promerica,Promerica,Ahorro,977
Esme,Seifenmacher,7341877243,eseifenmacher1z@free.fr,8/26/2020,Female,Banco Industrial,BI,Monetaria en $,0
Esme,Seifenmacher,7341877243,eseifenmacher1z@free.fr,8/26/2020,Female,Banco Industrial,BI,Monetaria en $,0
Esme,Seifenmacher,7341877243,eseifenmacher1z@free.fr,8/26/2020,Female,Banco Industrial,BI,Ahorro,624
Esme,Seifenmacher,7341877243,eseifenmacher1z@free.fr,8/26/2020,Female,Banco Industrial,BI,Ahorro,624
Esme,Seifenmacher,7341877243,eseifenmacher1z@free.fr,8/26/2020,Female,Banco Promerica,Promerica,Monetaria en Q,1522
Esme,Seifenmacher,7341877243,eseifenmacher1z@free.fr,8/26/2020,Female,Banco Promerica,Promerica,Monetaria en Q,1522
Esme,Seifenmacher,7341877243,eseifenmacher1z@free.fr,8/26/2020,Female,Banco Promerica,Promerica,Monetaria en Q,1522
Alexander,Amor,7361225500,aamor2n@tinyurl.com,10/27/2020,Female,Banco Promerica,Promerica,Ahorro,0
Alexander,Amor,7361225500,aamor2n@tinyurl.com,10/27/2020,Female,Banco Promerica,Promerica,Ahorro,0
Alexander,Amor,7361225500,aamor2n@tinyurl.com,10/27/2020,Female,Banco Promerica,Promerica,Ahorro,0
Alexander,Amor,7361225500,aamor2n@tinyurl.com,10/27/2020,Female,Banco Promerica,Promerica,Ahorro,0
Alexander,Amor,7361225500,aamor2n@tinyurl.com,10/27/2020,Female,Banco Promerica,Promerica,Ahorro,0
Alexander,Amor,7361225500,aamor2n@tinyurl.com,10/27/2020,Female,Banco Promerica,Promerica,Ahorro,0
Phaidra,Thornthwaite,7422400781,pthornthwaitea@reddit.com,2/15/2020,Female,Banco Agromercantil,BAM,Monetaria en Q,0
Phaidra,Thornthwaite,7422400781,pthornthwaitea@reddit.com,2/15/2020,Female,Banco Agromercantil,BAM,Monetaria en Q,0
Phaidra,Thornthwaite,7422400781,pthornthwaitea@reddit.com,2/15/2020,Female,Banco de desarrollo rural,BANRURAL,Monetaria en Q,0
Phaidra,Thornthwaite,7422400781,pthornthwaitea@reddit.com,2/15/2020,Female,Banco de desarrollo rural,BANRURAL,Monetaria en Q,4262
Phaidra,Thornthwaite,7422400781,pthornthwaitea@reddit.com,2/15/2020,Female,Banco de desarrollo rural,BANRURAL,Monetaria en Q,0
Phaidra,Thornthwaite,7422400781,pthornthwaitea@reddit.com,2/15/2020,Female,Banco de desarrollo rural,BANRURAL,Monetaria en Q,0
Phaidra,Thornthwaite,7422400781,pthornthwaitea@reddit.com,2/15/2020,Female,Banco de desarrollo rural,BANRURAL,Monetaria en Q,4262
Phaidra,Thornthwaite,7422400781,pthornthwaitea@reddit.com,2/15/2020,Female,Banco de desarrollo rural,BANRURAL,Monetaria en Q,4262
Leann,Buncher,7589827045,lbuncheri@scribd.com,1/10/2020,Female,Banco Industrial,BI,Monetaria en $,973
Leann,Buncher,7589827045,lbuncheri@scribd.com,1/10/2020,Female,Banco Industrial,BI,Monetaria en $,973
Leann,Buncher,7589827045,lbuncheri@scribd.com,1/10/2020,Female,Banco Industrial,BI,Monetaria en $,973
Leann,Buncher,7589827045,lbuncheri@scribd.com,1/10/2020,Female,Banco Industrial,BI,Monetaria en $,973
Cully,Matyugin,7652775906,cmatyugin1y@epa.gov,3/10/2020,Male,Banco de desarrollo rural,BANRURAL,Monetaria en Q,0
Cully,Matyugin,7652775906,cmatyugin1y@epa.gov,3/10/2020,Male,Banco Industrial,BI,Monetaria en Q,3070
Cully,Matyugin,7652775906,cmatyugin1y@epa.gov,3/10/2020,Male,Banco Industrial,BI,Monetaria en Q,3070
Cully,Matyugin,7652775906,cmatyugin1y@epa.gov,3/10/2020,Male,Banco Promerica,Promerica,Monetaria en Q,0
Cully,Matyugin,7652775906,cmatyugin1y@epa.gov,3/10/2020,Male,Banco Promerica,Promerica,Monetaria en Q,0
Cully,Matyugin,7652775906,cmatyugin1y@epa.gov,3/10/2020,Male,Banco Promerica,Promerica,Monetaria en Q,0
Thoma,Kempster,7725887806,tkempster21@simplemachines.org,2/28/2020,Male,Banco Industrial,BI,Monetaria en $,0
Thoma,Kempster,7725887806,tkempster21@simplemachines.org,2/28/2020,Male,Banco Industrial,BI,Monetaria en $,0
Thoma,Kempster,7725887806,tkempster21@simplemachines.org,2/28/2020,Male,Banco Industrial,BI,Monetaria en $,0
Thoma,Kempster,7725887806,tkempster21@simplemachines.org,2/28/2020,Male,Banco Industrial,BI,Monetaria en $,0
Thoma,Kempster,7725887806,tkempster21@simplemachines.org,2/28/2020,Male,Banco Industrial,BI,Monetaria en $,0
Thoma,Kempster,7725887806,tkempster21@simplemachines.org,2/28/2020,Male,Banco Industrial,BI,Monetaria en $,0
Thoma,Kempster,7725887806,tkempster21@simplemachines.org,2/28/2020,Male,Banco Promerica,Promerica,Monetaria en $,3305
Koressa,Knowler,7737952055,kknowler1@auda.org.au,4/3/2020,Female,Banco de desarrollo rural,BANRURAL,Monetaria en $,4560
Koressa,Knowler,7737952055,kknowler1@auda.org.au,4/3/2020,Female,Banco de desarrollo rural,BANRURAL,Monetaria en $,4560
Koressa,Knowler,7737952055,kknowler1@auda.org.au,4/3/2020,Female,Banco de desarrollo rural,BANRURAL,Monetaria en $,4560
Koressa,Knowler,7737952055,kknowler1@auda.org.au,4/3/2020,Female,Banco G&T,G&T,Monetaria en $,0
Koressa,Knowler,7737952055,kknowler1@auda.org.au,4/3/2020,Female,Banco G&T,G&T,Monetaria en $,0
Koressa,Knowler,7737952055,kknowler1@auda.org.au,4/3/2020,Female,Banco Industrial,BI,Monetaria en $,4003
Koressa,Knowler,7737952055,kknowler1@auda.org.au,4/3/2020,Female,Banco Industrial,BI,Monetaria en $,4003
Koressa,Knowler,7737952055,kknowler1@auda.org.au,4/3/2020,Female,Banco Industrial,BI,Monetaria en $,4003
Koressa,Knowler,7737952055,kknowler1@auda.org.au,4/3/2020,Female,Banco Promerica,Promerica,Ahorro,3065
Koressa,Knowler,7737952055,kknowler1@auda.org.au,4/3/2020,Female,Banco Promerica,Promerica,Ahorro,3065
Arlin,Bruckner,7819264039,abruckner2h@nasa.gov,4/3/2020,Male,Banco de desarrollo rural,BANRURAL,Monetaria en Q,0
Arlin,Bruckner,7819264039,abruckner2h@nasa.gov,4/3/2020,Male,Banco de desarrollo rural,BANRURAL,Monetaria en Q,0
Arlin,Bruckner,7819264039,abruckner2h@nasa.gov,4/3/2020,Male,Banco Promerica,Promerica,Monetaria en Q,784
Arlin,Bruckner,7819264039,abruckner2h@nasa.gov,4/3/2020,Male,Banco Promerica,Promerica,Monetaria en Q,784
Arlin,Bruckner,7819264039,abruckner2h@nasa.gov,4/3/2020,Male,Banco Promerica,Promerica,Ahorro,3228
Arlin,Bruckner,7819264039,abruckner2h@nasa.gov,4/3/2020,Male,Banco Promerica,Promerica,Monetaria en Q,784
Arlin,Bruckner,7819264039,abruckner2h@nasa.gov,4/3/2020,Male,Banco Promerica,Promerica,Monetaria en Q,784
Arlin,Bruckner,7819264039,abruckner2h@nasa.gov,4/3/2020,Male,Banco Promerica,Promerica,Ahorro,3228
Jarid,McEniry,7858016997,jmceniry1d@angelfire.com,3/23/2020,Male,Banco de desarrollo rural,BANRURAL,Ahorro,4005
Konstanze,Blood,7873382966,kblood1w@hhs.gov,11/24/2020,Female,Banco Industrial,BI,Ahorro,0
Konstanze,Blood,7873382966,kblood1w@hhs.gov,11/24/2020,Female,Banco Industrial,BI,Ahorro,0
Konstanze,Blood,7873382966,kblood1w@hhs.gov,11/24/2020,Female,Banco Industrial,BI,Ahorro,0
Konstanze,Blood,7873382966,kblood1w@hhs.gov,11/24/2020,Female,Banco Industrial,BI,Ahorro,0
Konstanze,Blood,7873382966,kblood1w@hhs.gov,11/24/2020,Female,Banco Promerica,Promerica,Monetaria en Q,0
Konstanze,Blood,7873382966,kblood1w@hhs.gov,11/24/2020,Female,Banco Promerica,Promerica,Monetaria en Q,0
Konstanze,Blood,7873382966,kblood1w@hhs.gov,11/24/2020,Female,Banco Promerica,Promerica,Monetaria en Q,0
Konstanze,Blood,7873382966,kblood1w@hhs.gov,11/24/2020,Female,Banco Promerica,Promerica,Monetaria en Q,0
Konstanze,Blood,7873382966,kblood1w@hhs.gov,11/24/2020,Female,Banco Promerica,Promerica,Monetaria en Q,0
Neill,Esser,7964176803,nesserh@amazon.com,1/7/2020,Female,Banco Industrial,BI,Monetaria en Q,1322
Neill,Esser,7964176803,nesserh@amazon.com,1/7/2020,Female,Banco Industrial,BI,Monetaria en $,1053
Neill,Esser,7964176803,nesserh@amazon.com,1/7/2020,Female,Banco Industrial,BI,Monetaria en Q,1322
Neill,Esser,7964176803,nesserh@amazon.com,1/7/2020,Female,Banco Industrial,BI,Monetaria en $,1053
Luelle,Barenskie,8068530312,lbarenskie16@about.me,8/25/2020,Male,Banco G&T,G&T,Monetaria en Q,0
Luelle,Barenskie,8068530312,lbarenskie16@about.me,8/25/2020,Male,Banco G&T,G&T,Monetaria en Q,0
Renard,Pelchat,8373980261,rpelchat2p@cdc.gov,6/28/2020,Female,Banco Promerica,Promerica,Ahorro,3011
Renard,Pelchat,8373980261,rpelchat2p@cdc.gov,6/28/2020,Female,Banco Promerica,Promerica,Ahorro,3011
Renard,Pelchat,8373980261,rpelchat2p@cdc.gov,6/28/2020,Female,Banco Promerica,Promerica,Ahorro,3011
Renard,Pelchat,8373980261,rpelchat2p@cdc.gov,6/28/2020,Female,Banco Promerica,Promerica,Ahorro,3011
Margo,Aspinall,8574878405,maspinall2@symantec.com,2/13/2020,Male,Banco de desarrollo rural,BANRURAL,Monetaria en $,485
Margo,Aspinall,8574878405,maspinall2@symantec.com,2/13/2020,Male,Banco de desarrollo rural,BANRURAL,Monetaria en $,485
Margo,Aspinall,8574878405,maspinall2@symantec.com,2/13/2020,Male,Banco de desarrollo rural,BANRURAL,Monetaria en $,485
Margo,Aspinall,8574878405,maspinall2@symantec.com,2/13/2020,Male,Banco Industrial,BI,Monetaria en $,0
Margo,Aspinall,8574878405,maspinall2@symantec.com,2/13/2020,Male,Banco Industrial,BI,Monetaria en $,0
Carmita,Hiscoke,8640571546,chiscoke1v@ucsd.edu,3/17/2020,Female,Banco Agromercantil,BAM,Monetaria en Q,2277
Carmita,Hiscoke,8640571546,chiscoke1v@ucsd.edu,3/17/2020,Female,Banco Agromercantil,BAM,Monetaria en Q,2277
Carmita,Hiscoke,8640571546,chiscoke1v@ucsd.edu,3/17/2020,Female,Banco Agromercantil,BAM,Monetaria en Q,2277
Lauralee,Britnell,8712012858,lbritnell28@oaic.gov.au,12/10/2020,Female,Banco Industrial,BI,Monetaria en Q,0
Lauralee,Britnell,8712012858,lbritnell28@oaic.gov.au,12/10/2020,Female,Banco Industrial,BI,Monetaria en Q,0
Gearard,Laye,9158606432,glaye2j@oaic.gov.au,6/18/2020,Male,Banco de desarrollo rural,BANRURAL,Monetaria en $,2879
Gearard,Laye,9158606432,glaye2j@oaic.gov.au,6/18/2020,Male,Banco de desarrollo rural,BANRURAL,Monetaria en $,2879
Leonid,Berrey,9488599294,lberrey2b@123-reg.co.uk,11/17/2020,Female,Banco Promerica,Promerica,Monetaria en $,0
Cherise,Pluvier,9622621546,cpluvier2o@hao123.com,12/14/2020,Male,Banco Industrial,BI,Ahorro,3285
Cherise,Pluvier,9622621546,cpluvier2o@hao123.com,12/14/2020,Male,Banco Industrial,BI,Ahorro,3285
Cherise,Pluvier,9622621546,cpluvier2o@hao123.com,12/14/2020,Male,Banco Industrial,BI,Ahorro,3285
Joelynn,De Gregoli,9835876975,jdegregoli1s@harvard.edu,5/3/2020,Female,Banco G&T,G&T,Monetaria en Q,3214
Joelynn,De Gregoli,9835876975,jdegregoli1s@harvard.edu,5/3/2020,Female,Banco Industrial,BI,Monetaria en Q,1191
Joelynn,De Gregoli,9835876975,jdegregoli1s@harvard.edu,5/3/2020,Female,Banco Industrial,BI,Monetaria en Q,1191
Joelynn,De Gregoli,9835876975,jdegregoli1s@harvard.edu,5/3/2020,Female,Banco Industrial,BI,Monetaria en Q,1191
Joelynn,De Gregoli,9835876975,jdegregoli1s@harvard.edu,5/3/2020,Female,Banco Promerica,Promerica,Ahorro,4350
Joelynn,De Gregoli,9835876975,jdegregoli1s@harvard.edu,5/3/2020,Female,Banco Promerica,Promerica,Ahorro,4350
Joelynn,De Gregoli,9835876975,jdegregoli1s@harvard.edu,5/3/2020,Female,Banco Promerica,Promerica,Ahorro,4350
Joelynn,De Gregoli,9835876975,jdegregoli1s@harvard.edu,5/3/2020,Female,Banco Promerica,Promerica,Ahorro,4350
Joelynn,De Gregoli,9835876975,jdegregoli1s@harvard.edu,5/3/2020,Female,Banco Promerica,Promerica,Ahorro,4350
