Nombre_1,Apellido_1,CUI_1,InstitucionBancaria_1,AbreviacionInstitucion_1,TipoCuenta_1,SaldoInicial_1,Nombre_2,Apellido_2,CUI_2,InstitucionBancaria_2,AbreviacionInstitucion_2,TipoCuenta_2,SaldoInicial_2,MontoTransferencia,FechaTransferencia
Boote,Pina,208181717,Banco Industrial,BI,Monetaria en Q,900,Abigale,Crann,1187255777,Banco Agromercantil,BAM,Monetaria en $,0,3248,5/7/2020 3:49
Boote,Pina,208181717,Banco Industrial,BI,Monetaria en Q,900,Jeanie,Badman,2320648240,Banco G&T,G&T,Monetaria en Q,0,9708,1/5/2020 6:23
Giordano,Rimington,270162925,Banco de desarrollo rural,BANRURAL,Ahorro,547,Antonetta,Bowler,4380702766,Banco de desarrollo rural,BANRURAL,Ahorro,217,9281,12/25/2020 6:47
Giordano,Rimington,270162925,Banco de desarrollo rural,BANRURAL,Ahorro,547,Joelynn,De Gregoli,9835876975,Banco Promerica,Promerica,Ahorro,4350,9825,4/11/2021 12:09
Giordano,Rimington,270162925,Banco G&T,G&T,Monetaria en $,0,Colas,Feek,440057779,Banco G&T,G&T,Monetaria en $,2906,1043,1/6/2020 12:52
Giordano,Rimington,270162925,Banco G&T,G&T,Monetaria en $,0,Raff,Meah,3693967563,Banco G&T,G&T,Monetaria en $,1225,4225,2/6/2021 18:35
Giordano,Rimington,270162925,Banco G&T,G&T,Monetaria en $,0,Koressa,Knowler,7737952055,Banco Promerica,Promerica,Ahorro,3065,5223,2/26/2021 16:07
Giordano,Rimington,270162925,Banco G&T,G&T,Monetaria en $,0,Colas,Feek,440057779,Banco G&T,G&T,Monetaria en $,2906,4420,10/16/2020 20:25
Giordano,Rimington,270162925,Banco Industrial,BI,Ahorro,1250,Cherry,Youtead,6393106875,Banco G&T,G&T,Monetaria en Q,1189,506,5/17/2020 17:09
Giordano,Rimington,270162925,Banco Industrial,BI,Ahorro,1250,Collie,Leatherland,3334586502,Banco G&T,G&T,Monetaria en Q,0,8264,10/5/2020 9:43
Giordano,Rimington,270162925,Banco Industrial,BI,Ahorro,1250,Henriette,Stag,5203620156,Banco de desarrollo rural,BANRURAL,Monetaria en $,0,2356,10/19/2020 1:10
Colas,Feek,440057779,Banco Agromercantil,BAM,Monetaria en $,0,Arleta,Umbert,1805028979,Banco G&T,G&T,Monetaria en Q,1863,7825,8/9/2020 1:12
Colas,Feek,440057779,Banco Agromercantil,BAM,Monetaria en $,0,Antonetta,Bowler,4380702766,Banco Agromercantil,BAM,Monetaria en $,2300,4091,2/23/2020 4:15
Colas,Feek,440057779,Banco G&T,G&T,Monetaria en $,2906,Puff,Huerta,4474118367,Banco de desarrollo rural,BANRURAL,Monetaria en Q,0,6342,2/16/2020 20:54
Colas,Feek,440057779,Banco G&T,G&T,Monetaria en $,2906,Jarid,McEniry,7858016997,Banco de desarrollo rural,BANRURAL,Ahorro,4005,8184,3/3/2021 20:48
Colas,Feek,440057779,Banco Industrial,BI,Monetaria en $,0,Arlin,Bruckner,7819264039,Banco Promerica,Promerica,Ahorro,3228,8166,3/1/2021 7:17
Colas,Feek,440057779,Banco Industrial,BI,Monetaria en $,0,Joellen,Rickell,677914504,Banco Industrial,BI,Monetaria en Q,2831,3974,10/16/2020 22:35
Colas,Feek,440057779,Banco Industrial,BI,Monetaria en $,0,Maggee,Shergold,6816494733,Banco Industrial,BI,Monetaria en Q,0,5794,2/2/2021 5:57
Kit,Tottman,445543914,Banco G&T,G&T,Monetaria en $,0,Konstanze,Blood,7873382966,Banco Industrial,BI,Ahorro,0,8341,4/30/2020 1:21
Joellen,Rickell,677914504,Banco Industrial,BI,Monetaria en Q,2831,Abigale,Crann,1187255777,Banco Industrial,BI,Ahorro,0,9287,12/29/2020 20:04
Joellen,Rickell,677914504,Banco Industrial,BI,Monetaria en Q,2831,Tina,De Beauchemp,6668839878,Banco Agromercantil,BAM,Ahorro,3027,6183,6/14/2020 0:34
Bobbette,Dutton,930849132,Banco G&T,G&T,Monetaria en $,0,Manuel,Gouldstone,2293547442,Banco G&T,G&T,Ahorro,0,8722,11/6/2020 23:35
Bobbette,Dutton,930849132,Banco Industrial,BI,Ahorro,0,Tina,De Beauchemp,6668839878,Banco de desarrollo rural,BANRURAL,Monetaria en $,3942,3872,2/4/2020 23:55
Bobbette,Dutton,930849132,Banco Industrial,BI,Ahorro,0,Vonny,Westall,2354138652,Banco G&T,G&T,Monetaria en Q,3604,1716,11/9/2020 10:17
Bobbette,Dutton,930849132,Banco Promerica,Promerica,Ahorro,761,Maressa,Delgadillo,3899636643,Banco Industrial,BI,Ahorro,0,1497,2/10/2021 13:15
Bobbette,Dutton,930849132,Banco Promerica,Promerica,Ahorro,761,Riva,Gaven,2897073799,Banco G&T,G&T,Monetaria en Q,2316,796,12/31/2020 12:01
Bobbette,Dutton,930849132,Banco Promerica,Promerica,Ahorro,761,Corliss,McCord,5563911438,Banco Agromercantil,BAM,Monetaria en $,0,5412,12/14/2020 4:58
Abigale,Crann,1187255777,Banco Agromercantil,BAM,Monetaria en $,0,Joelynn,De Gregoli,9835876975,Banco Promerica,Promerica,Ahorro,4350,6296,4/28/2020 10:56
Abigale,Crann,1187255777,Banco Industrial,BI,Ahorro,0,Nelia,Hathway,1962610551,Banco Industrial,BI,Monetaria en $,3149,7822,3/20/2020 16:10
Abigale,Crann,1187255777,Banco Industrial,BI,Ahorro,0,Carmita,Hiscoke,8640571546,Banco Agromercantil,BAM,Monetaria en Q,2277,7176,1/7/2021 17:31
Abigale,Crann,1187255777,Banco Industrial,BI,Ahorro,0,Daffy,Marages,2720935689,Banco Promerica,Promerica,Monetaria en Q,1575,9920,12/22/2020 8:46
Chrissy,Fells,1432225464,Banco G&T,G&T,Ahorro,0,Alfie,Castellaccio,2344960856,Banco de desarrollo rural,BANRURAL,Monetaria en $,0,7349,10/22/2020 15:12
Chrissy,Fells,1432225464,Banco Industrial,BI,Monetaria en $,0,Sax,Stephenson,4640351089,Banco Agromercantil,BAM,Ahorro,0,9661,3/26/2021 15:05
Javier,Theodore,1485345081,Banco G&T,G&T,Monetaria en $,2008,Jeanie,Badman,2320648240,Banco Promerica,Promerica,Monetaria en $,0,4123,2/7/2021 20:32
Javier,Theodore,1485345081,Banco G&T,G&T,Monetaria en $,2008,Vassili,Drowsfield,3345353652,Banco Agromercantil,BAM,Monetaria en Q,3999,5761,6/29/2020 9:54
Javier,Theodore,1485345081,Banco G&T,G&T,Monetaria en $,2008,Horatia,Brumpton,1653130695,Banco G&T,G&T,Ahorro,4275,5864,12/12/2020 9:38
Javier,Theodore,1485345081,Banco Industrial,BI,Monetaria en $,1602,Abigale,Crann,1187255777,Banco Industrial,BI,Ahorro,0,2510,8/6/2020 9:24
Javier,Theodore,1485345081,Banco Industrial,BI,Monetaria en $,1602,Hali,Peebles,1909436437,Banco de desarrollo rural,BANRURAL,Ahorro,1818,6021,5/25/2020 8:02
Javier,Theodore,1485345081,Banco Industrial,BI,Monetaria en $,1602,Maggee,Shergold,6816494733,Banco Promerica,Promerica,Ahorro,3276,3926,8/18/2020 21:22
Javier,Theodore,1485345081,Banco Industrial,BI,Monetaria en $,1602,Horatia,Brumpton,1653130695,Banco G&T,G&T,Ahorro,4275,3216,3/13/2020 22:56
Javier,Theodore,1485345081,Banco Industrial,BI,Monetaria en $,1602,Ike,Nickels,6290621491,Banco de desarrollo rural,BANRURAL,Monetaria en Q,423,1425,4/7/2020 7:48
Caryn,Kirkham,1581008589,Banco Agromercantil,BAM,Ahorro,0,Daffy,Marages,2720935689,Banco G&T,G&T,Monetaria en Q,0,1458,3/12/2020 9:45
Caryn,Kirkham,1581008589,Banco Agromercantil,BAM,Ahorro,0,Nelia,Hathway,1962610551,Banco G&T,G&T,Monetaria en Q,2131,7202,9/1/2020 15:56
Caryn,Kirkham,1581008589,Banco Promerica,Promerica,Monetaria en $,0,Tripp,Ingree,3888897025,Banco Agromercantil,BAM,Ahorro,1610,9741,7/12/2020 12:03
Horatia,Brumpton,1653130695,Banco Agromercantil,BAM,Monetaria en $,0,Chrissy,Fells,1432225464,Banco Industrial,BI,Monetaria en $,0,2881,3/18/2021 8:54
Horatia,Brumpton,1653130695,Banco Agromercantil,BAM,Monetaria en $,0,Alfie,Castellaccio,2344960856,Banco de desarrollo rural,BANRURAL,Monetaria en Q,0,7170,1/28/2021 20:48
Horatia,Brumpton,1653130695,Banco G&T,G&T,Ahorro,4275,Tina,De Beauchemp,6668839878,Banco Industrial,BI,Ahorro,0,6148,6/29/2020 5:40
Horatia,Brumpton,1653130695,Banco G&T,G&T,Ahorro,0,Riva,Gaven,2897073799,Banco Promerica,Promerica,Monetaria en $,0,4920,7/15/2020 23:34
Horatia,Brumpton,1653130695,Banco G&T,G&T,Ahorro,0,Joelynn,De Gregoli,9835876975,Banco G&T,G&T,Monetaria en Q,3214,4946,12/17/2020 11:53
Horatia,Brumpton,1653130695,Banco G&T,G&T,Ahorro,1612,Vassili,Drowsfield,3345353652,Banco G&T,G&T,Monetaria en $,446,2200,3/19/2021 17:12
Horatia,Brumpton,1653130695,Banco G&T,G&T,Ahorro,4782,Arleta,Umbert,1805028979,Banco Promerica,Promerica,Monetaria en Q,305,8666,1/20/2021 17:07
Horatia,Brumpton,1653130695,Banco G&T,G&T,Monetaria en Q,4437,Koressa,Knowler,7737952055,Banco G&T,G&T,Monetaria en $,0,1883,3/18/2021 16:18
Horatia,Brumpton,1653130695,Banco G&T,G&T,Ahorro,4782,Sascha,Kennedy,4464029000,Banco Promerica,Promerica,Ahorro,0,8885,1/4/2021 5:54
Horatia,Brumpton,1653130695,Banco G&T,G&T,Ahorro,4782,Elnore,Foy,6154977174,Banco de desarrollo rural,BANRURAL,Ahorro,771,2476,7/9/2020 13:27
Horatia,Brumpton,1653130695,Banco G&T,G&T,Ahorro,4275,Daffy,Marages,2720935689,Banco G&T,G&T,Monetaria en Q,0,4740,10/31/2020 17:28
Horatia,Brumpton,1653130695,Banco G&T,G&T,Ahorro,4782,Inga,Cromleholme,3179095431,Banco Promerica,Promerica,Monetaria en $,0,3594,3/23/2021 0:50
Horatia,Brumpton,1653130695,Banco G&T,G&T,Ahorro,1612,Luelle,Barenskie,8068530312,Banco G&T,G&T,Monetaria en Q,0,3628,11/7/2020 19:07
Horatia,Brumpton,1653130695,Banco G&T,G&T,Monetaria en Q,4437,Koressa,Knowler,7737952055,Banco de desarrollo rural,BANRURAL,Monetaria en $,4560,5346,6/21/2020 3:34
Horatia,Brumpton,1653130695,Banco G&T,G&T,Ahorro,1612,Inga,Cromleholme,3179095431,Banco Industrial,BI,Ahorro,3387,737,2/17/2021 1:29
Horatia,Brumpton,1653130695,Banco G&T,G&T,Ahorro,0,Deni,Tarn,6467582497,Banco de desarrollo rural,BANRURAL,Monetaria en $,964,2721,3/25/2020 22:57
Horatia,Brumpton,1653130695,Banco G&T,G&T,Ahorro,4782,Riva,Gaven,2897073799,Banco Promerica,Promerica,Monetaria en $,0,357,11/12/2020 8:01
Arleta,Umbert,1805028979,Banco de desarrollo rural,BANRURAL,Ahorro,1374,Sunny,Alvin,6456388384,Banco Promerica,Promerica,Monetaria en $,760,8361,9/1/2020 8:38
Arleta,Umbert,1805028979,Banco de desarrollo rural,BANRURAL,Ahorro,1374,Colas,Feek,440057779,Banco Agromercantil,BAM,Monetaria en $,0,4132,2/5/2021 11:04
Arleta,Umbert,1805028979,Banco G&T,G&T,Monetaria en Q,1863,Antonetta,Bowler,4380702766,Banco Agromercantil,BAM,Monetaria en $,2300,4667,11/10/2020 4:21
Arleta,Umbert,1805028979,Banco G&T,G&T,Monetaria en Q,0,Daffy,Marages,2720935689,Banco Promerica,Promerica,Monetaria en Q,1575,3913,8/16/2020 21:45
Arleta,Umbert,1805028979,Banco G&T,G&T,Monetaria en Q,0,Cherry,Youtead,6393106875,Banco Promerica,Promerica,Ahorro,0,4177,10/1/2020 7:29
Arleta,Umbert,1805028979,Banco G&T,G&T,Monetaria en Q,1863,Deni,Tarn,6467582497,Banco G&T,G&T,Monetaria en Q,4105,1126,5/31/2020 4:56
Arleta,Umbert,1805028979,Banco G&T,G&T,Monetaria en Q,0,Bobbette,Dutton,930849132,Banco Industrial,BI,Ahorro,0,3974,1/10/2021 3:44
Arleta,Umbert,1805028979,Banco G&T,G&T,Monetaria en Q,1863,Renard,Pelchat,8373980261,Banco Promerica,Promerica,Ahorro,3011,7983,7/13/2020 14:11
Arleta,Umbert,1805028979,Banco Industrial,BI,Monetaria en $,0,Vassili,Drowsfield,3345353652,Banco Agromercantil,BAM,Monetaria en Q,3999,8206,5/14/2020 9:31
Arleta,Umbert,1805028979,Banco Industrial,BI,Monetaria en $,0,Caryn,Kirkham,1581008589,Banco Agromercantil,BAM,Ahorro,0,6840,11/23/2020 3:33
Morly,Pundy,1833280679,Banco Promerica,Promerica,Monetaria en Q,1254,Raff,Meah,3693967563,Banco Industrial,BI,Ahorro,1190,6521,7/13/2020 5:06
Hali,Peebles,1909436437,Banco de desarrollo rural,BANRURAL,Ahorro,0,Morgun,Coots,6920115220,Banco Industrial,BI,Monetaria en Q,0,4310,6/8/2020 15:14
Hali,Peebles,1909436437,Banco de desarrollo rural,BANRURAL,Ahorro,0,Koressa,Knowler,7737952055,Banco Promerica,Promerica,Ahorro,3065,5896,2/16/2021 18:50
Hali,Peebles,1909436437,Banco de desarrollo rural,BANRURAL,Ahorro,0,Phaidra,Thornthwaite,7422400781,Banco de desarrollo rural,BANRURAL,Monetaria en Q,0,3466,3/28/2021 7:42
Hali,Peebles,1909436437,Banco de desarrollo rural,BANRURAL,Ahorro,1818,Ddene,Tant,2293083373,Banco de desarrollo rural,BANRURAL,Monetaria en $,0,6129,1/1/2021 10:03
Hali,Peebles,1909436437,Banco de desarrollo rural,BANRURAL,Ahorro,0,Chrissy,Fells,1432225464,Banco Industrial,BI,Monetaria en $,0,5965,4/11/2020 10:09
Hali,Peebles,1909436437,Banco de desarrollo rural,BANRURAL,Ahorro,0,Margo,Aspinall,8574878405,Banco de desarrollo rural,BANRURAL,Monetaria en $,485,4065,12/29/2020 21:32
Hali,Peebles,1909436437,Banco de desarrollo rural,BANRURAL,Ahorro,1818,Manuel,Gouldstone,2293547442,Banco Industrial,BI,Monetaria en $,0,1574,10/9/2020 19:22
Hali,Peebles,1909436437,Banco Industrial,BI,Monetaria en Q,3639,Corliss,McCord,5563911438,Banco Agromercantil,BAM,Monetaria en $,0,3449,7/14/2020 17:32
Hali,Peebles,1909436437,Banco Industrial,BI,Monetaria en Q,3639,Horatia,Brumpton,1653130695,Banco G&T,G&T,Ahorro,4782,858,8/4/2020 9:05
Hali,Peebles,1909436437,Banco Promerica,Promerica,Monetaria en $,0,Maggee,Shergold,6816494733,Banco Industrial,BI,Monetaria en Q,0,5209,5/12/2020 7:45
Hali,Peebles,1909436437,Banco Promerica,Promerica,Monetaria en $,0,Margo,Aspinall,8574878405,Banco de desarrollo rural,BANRURAL,Monetaria en $,485,2520,1/13/2020 17:21
Hali,Peebles,1909436437,Banco Promerica,Promerica,Monetaria en $,0,Tina,De Beauchemp,6668839878,Banco Agromercantil,BAM,Ahorro,3027,1997,4/26/2020 0:47
Hali,Peebles,1909436437,Banco Promerica,Promerica,Ahorro,3556,Janith,Metheringham,6172401947,Banco Industrial,BI,Monetaria en $,0,9945,3/31/2021 9:53
Hali,Peebles,1909436437,Banco Promerica,Promerica,Ahorro,3556,Leonid,Berrey,9488599294,Banco Promerica,Promerica,Monetaria en $,0,8930,6/18/2020 21:28
Stormy,Mathieu,1952883946,Banco G&T,G&T,Monetaria en $,0,Joelynn,De Gregoli,9835876975,Banco G&T,G&T,Monetaria en Q,3214,5245,7/29/2020 8:41
Stormy,Mathieu,1952883946,Banco G&T,G&T,Monetaria en $,0,Cherry,Youtead,6393106875,Banco de desarrollo rural,BANRURAL,Monetaria en Q,2311,4240,3/4/2020 20:50
Stormy,Mathieu,1952883946,Banco G&T,G&T,Monetaria en $,0,Morgun,Coots,6920115220,Banco G&T,G&T,Monetaria en $,0,8588,5/5/2020 1:20
Nelia,Hathway,1962610551,Banco G&T,G&T,Monetaria en Q,2131,Paul,Fleming,5878519224,Banco Promerica,Promerica,Monetaria en $,0,8373,2/24/2021 16:20
Nelia,Hathway,1962610551,Banco G&T,G&T,Monetaria en Q,2131,Sax,Stephenson,4640351089,Banco Agromercantil,BAM,Ahorro,0,3307,8/11/2020 20:39
Nelia,Hathway,1962610551,Banco Industrial,BI,Monetaria en Q,0,Alfie,Castellaccio,2344960856,Banco de desarrollo rural,BANRURAL,Ahorro,0,8245,10/11/2020 2:34
Nelia,Hathway,1962610551,Banco Industrial,BI,Monetaria en Q,0,Ty,Kittow,1976810418,Banco de desarrollo rural,BANRURAL,Ahorro,0,9166,2/7/2020 9:04
Nelia,Hathway,1962610551,Banco Industrial,BI,Monetaria en Q,0,Antonetta,Bowler,4380702766,Banco Agromercantil,BAM,Monetaria en $,2300,6035,1/13/2020 14:19
Nelia,Hathway,1962610551,Banco Industrial,BI,Monetaria en Q,0,Javier,Theodore,1485345081,Banco Industrial,BI,Monetaria en $,1602,677,7/18/2020 7:15
Nelia,Hathway,1962610551,Banco Industrial,BI,Monetaria en Q,0,Collie,Leatherland,3334586502,Banco G&T,G&T,Monetaria en Q,0,4209,1/19/2021 13:43
Nelia,Hathway,1962610551,Banco Industrial,BI,Monetaria en Q,0,Luelle,Barenskie,8068530312,Banco G&T,G&T,Monetaria en Q,0,4341,1/12/2020 11:30
Nelia,Hathway,1962610551,Banco Industrial,BI,Monetaria en $,3848,Devin,Sheere,2286509069,Banco Agromercantil,BAM,Ahorro,3494,5064,2/1/2020 0:55
Nelia,Hathway,1962610551,Banco Industrial,BI,Monetaria en Q,0,Jeanie,Badman,2320648240,Banco Agromercantil,BAM,Ahorro,1563,7622,7/20/2020 23:48
Nelia,Hathway,1962610551,Banco Promerica,Promerica,Monetaria en $,0,Tripp,Ingree,3888897025,Banco Agromercantil,BAM,Ahorro,1610,9280,12/26/2020 4:31
Nelia,Hathway,1962610551,Banco Promerica,Promerica,Monetaria en $,0,Ddene,Tant,2293083373,Banco de desarrollo rural,BANRURAL,Monetaria en $,0,3455,7/4/2020 3:02
Nelia,Hathway,1962610551,Banco Promerica,Promerica,Monetaria en $,0,Kizzie,Pettman,6981272008,Banco Promerica,Promerica,Ahorro,0,6445,1/8/2021 13:14
Nelia,Hathway,1962610551,Banco Promerica,Promerica,Monetaria en $,0,Alfie,Castellaccio,2344960856,Banco Agromercantil,BAM,Monetaria en Q,690,6835,11/1/2020 21:46
Ty,Kittow,1976810418,Banco de desarrollo rural,BANRURAL,Ahorro,0,Dale,Goslin,4243293546,Banco Promerica,Promerica,Ahorro,0,3682,6/7/2020 16:48
Ty,Kittow,1976810418,Banco de desarrollo rural,BANRURAL,Ahorro,0,Renard,Pelchat,8373980261,Banco Promerica,Promerica,Ahorro,3011,6682,3/18/2021 20:43
Ty,Kittow,1976810418,Banco de desarrollo rural,BANRURAL,Ahorro,0,Devin,Sheere,2286509069,Banco G&T,G&T,Monetaria en Q,3001,6600,4/11/2021 8:34
Ty,Kittow,1976810418,Banco de desarrollo rural,BANRURAL,Ahorro,0,Deni,Tarn,6467582497,Banco Promerica,Promerica,Monetaria en $,0,4965,9/7/2020 2:57
Ty,Kittow,1976810418,Banco G&T,G&T,Monetaria en $,0,Morly,Pundy,1833280679,Banco Promerica,Promerica,Monetaria en Q,1254,9549,12/18/2020 5:54
Ty,Kittow,1976810418,Banco G&T,G&T,Monetaria en $,0,Colas,Feek,440057779,Banco Industrial,BI,Monetaria en $,0,9129,3/1/2020 0:41
Ty,Kittow,1976810418,Banco G&T,G&T,Monetaria en $,0,Kit,Tottman,445543914,Banco G&T,G&T,Monetaria en $,0,3009,1/24/2021 3:43
Devin,Sheere,2286509069,Banco Agromercantil,BAM,Ahorro,3494,Caryn,Kirkham,1581008589,Banco Agromercantil,BAM,Ahorro,0,5077,3/8/2020 16:22
Devin,Sheere,2286509069,Banco G&T,G&T,Monetaria en Q,3001,Kizzie,Pettman,6981272008,Banco Industrial,BI,Ahorro,0,6380,3/30/2021 22:10
Devin,Sheere,2286509069,Banco Industrial,BI,Monetaria en Q,1858,Raff,Meah,3693967563,Banco G&T,G&T,Monetaria en $,1225,6039,8/24/2020 20:32
Devin,Sheere,2286509069,Banco Industrial,BI,Monetaria en Q,1858,Sunny,Alvin,6456388384,Banco Agromercantil,BAM,Monetaria en $,0,7262,5/14/2020 16:41
Devin,Sheere,2286509069,Banco Industrial,BI,Monetaria en Q,1858,Arleta,Umbert,1805028979,Banco G&T,G&T,Monetaria en Q,0,3027,3/7/2021 20:10
Devin,Sheere,2286509069,Banco Industrial,BI,Monetaria en Q,1858,Janith,Metheringham,6172401947,Banco Industrial,BI,Monetaria en $,0,6406,2/19/2021 20:31
Ddene,Tant,2293083373,Banco de desarrollo rural,BANRURAL,Monetaria en $,0,Vassili,Drowsfield,3345353652,Banco G&T,G&T,Monetaria en $,446,566,2/2/2020 22:31
Ddene,Tant,2293083373,Banco de desarrollo rural,BANRURAL,Monetaria en $,0,Javier,Theodore,1485345081,Banco Industrial,BI,Monetaria en $,1602,8856,8/22/2020 20:00
Ddene,Tant,2293083373,Banco Industrial,BI,Ahorro,0,Vassili,Drowsfield,3345353652,Banco Agromercantil,BAM,Monetaria en Q,3999,4743,3/16/2020 11:40
Ddene,Tant,2293083373,Banco Industrial,BI,Ahorro,0,Jolie,Tollfree,4105124471,Banco G&T,G&T,Monetaria en $,0,516,11/30/2020 15:03
Manuel,Gouldstone,2293547442,Banco G&T,G&T,Ahorro,0,Maressa,Delgadillo,3899636643,Banco Industrial,BI,Ahorro,0,9341,2/22/2021 15:22
Manuel,Gouldstone,2293547442,Banco G&T,G&T,Ahorro,0,Esme,Seifenmacher,7341877243,Banco Industrial,BI,Monetaria en $,0,6352,6/27/2020 13:43
Manuel,Gouldstone,2293547442,Banco G&T,G&T,Ahorro,0,Willie,Brahan,3601075148,Banco G&T,G&T,Monetaria en $,3085,6122,10/29/2020 2:26
Manuel,Gouldstone,2293547442,Banco G&T,G&T,Ahorro,0,Raff,Meah,3693967563,Banco G&T,G&T,Monetaria en $,1225,9187,1/31/2021 5:33
Manuel,Gouldstone,2293547442,Banco Industrial,BI,Monetaria en $,0,Kizzie,Pettman,6981272008,Banco Industrial,BI,Ahorro,0,3209,3/19/2020 8:38
Manuel,Gouldstone,2293547442,Banco Industrial,BI,Monetaria en $,0,Cherry,Youtead,6393106875,Banco de desarrollo rural,BANRURAL,Monetaria en Q,2311,9795,6/8/2020 23:28
Manuel,Gouldstone,2293547442,Banco Industrial,BI,Monetaria en $,0,Corliss,McCord,5563911438,Banco Agromercantil,BAM,Monetaria en $,0,1678,2/6/2020 8:09
Jeanie,Badman,2320648240,Banco Agromercantil,BAM,Ahorro,1563,Maressa,Delgadillo,3899636643,Banco Industrial,BI,Ahorro,0,223,4/15/2021 21:58
Jeanie,Badman,2320648240,Banco Agromercantil,BAM,Ahorro,1563,Sascha,Kennedy,4464029000,Banco G&T,G&T,Monetaria en $,0,5970,1/17/2021 20:54
Jeanie,Badman,2320648240,Banco G&T,G&T,Monetaria en Q,0,Deni,Tarn,6467582497,Banco Agromercantil,BAM,Monetaria en Q,0,7158,12/10/2020 16:52
Jeanie,Badman,2320648240,Banco G&T,G&T,Monetaria en Q,0,Esme,Seifenmacher,7341877243,Banco Industrial,BI,Monetaria en $,0,2453,10/23/2020 0:10
Jeanie,Badman,2320648240,Banco G&T,G&T,Monetaria en Q,0,Horatia,Brumpton,1653130695,Banco G&T,G&T,Ahorro,4275,385,1/18/2021 3:20
Jeanie,Badman,2320648240,Banco G&T,G&T,Monetaria en Q,0,Sascha,Kennedy,4464029000,Banco Promerica,Promerica,Ahorro,0,94,3/5/2021 18:40
Jeanie,Badman,2320648240,Banco G&T,G&T,Monetaria en Q,0,Bobbette,Dutton,930849132,Banco Promerica,Promerica,Ahorro,761,8936,8/7/2020 23:15
Jeanie,Badman,2320648240,Banco G&T,G&T,Monetaria en Q,0,Colas,Feek,440057779,Banco Agromercantil,BAM,Monetaria en $,0,9618,1/6/2020 16:43
Jeanie,Badman,2320648240,Banco G&T,G&T,Monetaria en Q,0,Nelia,Hathway,1962610551,Banco G&T,G&T,Monetaria en Q,2131,8221,1/28/2020 20:33
Jeanie,Badman,2320648240,Banco Promerica,Promerica,Monetaria en $,0,Sunny,Alvin,6456388384,Banco Agromercantil,BAM,Monetaria en $,0,9712,2/18/2021 2:28
Jeanie,Badman,2320648240,Banco Promerica,Promerica,Monetaria en $,0,Cherise,Pluvier,9622621546,Banco Industrial,BI,Ahorro,3285,3872,2/9/2020 14:59
Alfie,Castellaccio,2344960856,Banco Agromercantil,BAM,Monetaria en Q,0,Ardys,Cave,3418211453,Banco Promerica,Promerica,Ahorro,0,9717,8/18/2020 13:09
Alfie,Castellaccio,2344960856,Banco Agromercantil,BAM,Monetaria en Q,690,Elnore,Foy,6154977174,Banco de desarrollo rural,BANRURAL,Ahorro,771,5561,7/12/2020 0:42
Alfie,Castellaccio,2344960856,Banco Agromercantil,BAM,Monetaria en Q,690,Hali,Peebles,1909436437,Banco Promerica,Promerica,Ahorro,3556,8521,1/18/2020 6:57
Alfie,Castellaccio,2344960856,Banco Agromercantil,BAM,Monetaria en Q,0,Inga,Cromleholme,3179095431,Banco Agromercantil,BAM,Ahorro,4234,3597,3/3/2020 1:44
Alfie,Castellaccio,2344960856,Banco Agromercantil,BAM,Monetaria en Q,0,Deni,Tarn,6467582497,Banco de desarrollo rural,BANRURAL,Monetaria en $,3991,8855,2/20/2021 5:31
Alfie,Castellaccio,2344960856,Banco de desarrollo rural,BANRURAL,Monetaria en $,0,Bobbette,Dutton,930849132,Banco Industrial,BI,Ahorro,0,4935,3/4/2020 11:20
Alfie,Castellaccio,2344960856,Banco de desarrollo rural,BANRURAL,Monetaria en Q,0,Deni,Tarn,6467582497,Banco de desarrollo rural,BANRURAL,Monetaria en $,3991,653,3/5/2021 21:38
Alfie,Castellaccio,2344960856,Banco de desarrollo rural,BANRURAL,Monetaria en Q,0,Cherry,Youtead,6393106875,Banco de desarrollo rural,BANRURAL,Monetaria en Q,2311,7237,5/22/2020 10:39
Alfie,Castellaccio,2344960856,Banco de desarrollo rural,BANRURAL,Monetaria en $,0,Ddene,Tant,2293083373,Banco Industrial,BI,Ahorro,0,7846,3/19/2020 2:20
Alfie,Castellaccio,2344960856,Banco de desarrollo rural,BANRURAL,Monetaria en $,0,Maggee,Shergold,6816494733,Banco Promerica,Promerica,Ahorro,3276,3414,9/15/2020 12:39
Alfie,Castellaccio,2344960856,Banco de desarrollo rural,BANRURAL,Monetaria en Q,0,Alfie,Castellaccio,2344960856,Banco Agromercantil,BAM,Monetaria en Q,0,9454,10/30/2020 4:55
Alfie,Castellaccio,2344960856,Banco de desarrollo rural,BANRURAL,Ahorro,0,Ty,Kittow,1976810418,Banco G&T,G&T,Monetaria en $,0,554,3/8/2021 21:54
Alfie,Castellaccio,2344960856,Banco G&T,G&T,Monetaria en $,0,Neill,Esser,7964176803,Banco Industrial,BI,Monetaria en Q,1322,3874,1/14/2021 7:27
Alfie,Castellaccio,2344960856,Banco G&T,G&T,Monetaria en $,0,Deni,Tarn,6467582497,Banco de desarrollo rural,BANRURAL,Monetaria en $,3991,3745,10/17/2020 5:01
Alfie,Castellaccio,2344960856,Banco G&T,G&T,Monetaria en $,0,Hali,Peebles,1909436437,Banco Promerica,Promerica,Monetaria en $,0,5131,3/12/2021 2:11
Alfie,Castellaccio,2344960856,Banco G&T,G&T,Monetaria en $,0,Inga,Cromleholme,3179095431,Banco Industrial,BI,Ahorro,3387,8776,2/8/2020 18:37
Vonny,Westall,2354138652,Banco G&T,G&T,Monetaria en Q,3604,Tina,De Beauchemp,6668839878,Banco Promerica,Promerica,Monetaria en $,0,2590,6/10/2020 23:59
Vonny,Westall,2354138652,Banco G&T,G&T,Monetaria en Q,3604,Bobbette,Dutton,930849132,Banco Industrial,BI,Ahorro,0,2266,2/3/2021 15:22
Vonny,Westall,2354138652,Banco G&T,G&T,Ahorro,0,Morgun,Coots,6920115220,Banco G&T,G&T,Monetaria en $,0,7207,10/8/2020 4:46
Vonny,Westall,2354138652,Banco G&T,G&T,Monetaria en Q,3604,Colas,Feek,440057779,Banco G&T,G&T,Monetaria en $,2906,9248,12/6/2020 7:59
Vonny,Westall,2354138652,Banco G&T,G&T,Ahorro,0,Alfie,Castellaccio,2344960856,Banco de desarrollo rural,BANRURAL,Ahorro,0,7205,6/18/2020 10:10
Vonny,Westall,2354138652,Banco G&T,G&T,Ahorro,0,Arlin,Bruckner,7819264039,Banco Promerica,Promerica,Monetaria en Q,784,9375,10/14/2020 21:08
Daffy,Marages,2720935689,Banco G&T,G&T,Monetaria en Q,0,Ardys,Cave,3418211453,Banco Promerica,Promerica,Ahorro,0,9387,10/7/2020 5:47
Daffy,Marages,2720935689,Banco G&T,G&T,Monetaria en Q,0,Raff,Meah,3693967563,Banco Industrial,BI,Ahorro,1190,5017,9/16/2020 23:38
Daffy,Marages,2720935689,Banco Promerica,Promerica,Monetaria en Q,1575,Maggee,Shergold,6816494733,Banco Promerica,Promerica,Monetaria en Q,2872,151,5/5/2020 11:21
Daffy,Marages,2720935689,Banco Promerica,Promerica,Monetaria en Q,1575,Maggee,Shergold,6816494733,Banco Promerica,Promerica,Ahorro,3276,739,4/2/2021 15:11
Daffy,Marages,2720935689,Banco Promerica,Promerica,Monetaria en Q,1575,Stormy,Mathieu,1952883946,Banco Agromercantil,BAM,Ahorro,3270,2652,3/14/2021 23:26
Leonelle,Copp,2843482992,Banco Agromercantil,BAM,Monetaria en $,0,Boote,Pina,208181717,Banco G&T,G&T,Monetaria en $,1505,5715,6/30/2020 2:23
Leonelle,Copp,2843482992,Banco Agromercantil,BAM,Monetaria en $,0,Corliss,McCord,5563911438,Banco Promerica,Promerica,Monetaria en $,0,8745,4/9/2020 10:18
Riva,Gaven,2897073799,Banco Agromercantil,BAM,Monetaria en Q,0,Tina,De Beauchemp,6668839878,Banco Industrial,BI,Ahorro,0,7459,1/7/2020 7:13
Riva,Gaven,2897073799,Banco Agromercantil,BAM,Monetaria en Q,0,Tina,De Beauchemp,6668839878,Banco Industrial,BI,Ahorro,0,143,1/19/2021 15:49
Riva,Gaven,2897073799,Banco Agromercantil,BAM,Monetaria en Q,0,Maressa,Delgadillo,3899636643,Banco Industrial,BI,Ahorro,0,1901,3/8/2021 8:05
Riva,Gaven,2897073799,Banco Promerica,Promerica,Monetaria en Q,3771,Riva,Gaven,2897073799,Banco Promerica,Promerica,Monetaria en $,0,501,6/12/2020 21:47
Riva,Gaven,2897073799,Banco Promerica,Promerica,Monetaria en $,0,Arlin,Bruckner,7819264039,Banco Promerica,Promerica,Ahorro,3228,4737,9/1/2020 17:10
Riva,Gaven,2897073799,Banco Promerica,Promerica,Monetaria en $,0,Devin,Sheere,2286509069,Banco G&T,G&T,Monetaria en Q,3001,9936,1/29/2020 15:59
Riva,Gaven,2897073799,Banco Promerica,Promerica,Monetaria en Q,3771,Riva,Gaven,2897073799,Banco G&T,G&T,Monetaria en Q,2316,2883,3/22/2020 19:58
Riva,Gaven,2897073799,Banco Promerica,Promerica,Monetaria en $,0,Hieronymus,Penn,3070506224,Banco de desarrollo rural,BANRURAL,Monetaria en $,1264,9607,12/10/2020 18:52
Riva,Gaven,2897073799,Banco Promerica,Promerica,Monetaria en $,0,Luelle,Barenskie,8068530312,Banco G&T,G&T,Monetaria en Q,0,4548,4/10/2020 10:30
Hieronymus,Penn,3070506224,Banco de desarrollo rural,BANRURAL,Monetaria en $,1264,Inga,Cromleholme,3179095431,Banco Promerica,Promerica,Ahorro,2864,1076,2/5/2020 5:34
Hieronymus,Penn,3070506224,Banco de desarrollo rural,BANRURAL,Monetaria en $,1264,Tina,De Beauchemp,6668839878,Banco Agromercantil,BAM,Ahorro,3027,156,4/14/2021 6:36
Hieronymus,Penn,3070506224,Banco de desarrollo rural,BANRURAL,Monetaria en $,1264,Nelia,Hathway,1962610551,Banco Industrial,BI,Monetaria en $,3149,8404,4/1/2020 5:37
Hieronymus,Penn,3070506224,Banco de desarrollo rural,BANRURAL,Monetaria en $,1264,Henriette,Stag,5203620156,Banco de desarrollo rural,BANRURAL,Monetaria en $,567,3499,6/10/2020 19:28
Inga,Cromleholme,3179095431,Banco Industrial,BI,Ahorro,3387,Raff,Meah,3693967563,Banco G&T,G&T,Monetaria en $,1225,3132,11/18/2020 14:49
Inga,Cromleholme,3179095431,Banco Industrial,BI,Ahorro,3387,Inga,Cromleholme,3179095431,Banco Promerica,Promerica,Ahorro,2864,9750,6/18/2020 13:50
Inga,Cromleholme,3179095431,Banco Industrial,BI,Ahorro,3387,Koressa,Knowler,7737952055,Banco de desarrollo rural,BANRURAL,Monetaria en $,4560,7134,2/16/2020 0:51
Inga,Cromleholme,3179095431,Banco Industrial,BI,Ahorro,3387,Neill,Esser,7964176803,Banco Industrial,BI,Monetaria en $,1053,6824,12/18/2020 18:15
Inga,Cromleholme,3179095431,Banco Industrial,BI,Ahorro,3387,Konstanze,Blood,7873382966,Banco Industrial,BI,Ahorro,0,951,3/9/2021 11:51
Inga,Cromleholme,3179095431,Banco Promerica,Promerica,Ahorro,2864,Nelia,Hathway,1962610551,Banco Industrial,BI,Monetaria en Q,0,9230,8/28/2020 23:21
Inga,Cromleholme,3179095431,Banco Promerica,Promerica,Monetaria en $,0,Inga,Cromleholme,3179095431,Banco Promerica,Promerica,Monetaria en $,0,1997,6/3/2020 11:36
Inga,Cromleholme,3179095431,Banco Promerica,Promerica,Ahorro,2864,Dale,Goslin,4243293546,Banco G&T,G&T,Ahorro,0,1141,12/4/2020 15:06
Inga,Cromleholme,3179095431,Banco Promerica,Promerica,Ahorro,2864,Cherise,Pluvier,9622621546,Banco Industrial,BI,Ahorro,3285,6036,8/4/2020 19:08
Jeanne,Ciottoi,3199681735,Banco de desarrollo rural,BANRURAL,Monetaria en $,2743,Leann,Buncher,7589827045,Banco Industrial,BI,Monetaria en $,973,6229,11/11/2020 1:28
Jeanne,Ciottoi,3199681735,Banco de desarrollo rural,BANRURAL,Monetaria en $,2743,Alfie,Castellaccio,2344960856,Banco G&T,G&T,Monetaria en $,0,7753,10/6/2020 17:50
Ulla,Balloch,3278286464,Banco G&T,G&T,Monetaria en $,2162,Jarid,McEniry,7858016997,Banco de desarrollo rural,BANRURAL,Ahorro,4005,139,1/20/2020 19:55
Ulla,Balloch,3278286464,Banco Promerica,Promerica,Monetaria en Q,0,Arlin,Bruckner,7819264039,Banco de desarrollo rural,BANRURAL,Monetaria en $,1663,3360,1/30/2020 13:02
Collie,Leatherland,3334586502,Banco Industrial,BI,Monetaria en Q,0,Elnore,Foy,6154977174,Banco de desarrollo rural,BANRURAL,Ahorro,771,9464,10/16/2020 11:48
Collie,Leatherland,3334586502,Banco Industrial,BI,Monetaria en Q,0,Antonetta,Bowler,4380702766,Banco Agromercantil,BAM,Monetaria en $,2300,9661,11/5/2020 2:26
Collie,Leatherland,3334586502,Banco Industrial,BI,Monetaria en Q,0,Margo,Aspinall,8574878405,Banco Industrial,BI,Monetaria en $,0,3739,8/12/2020 6:08
Collie,Leatherland,3334586502,Banco Industrial,BI,Monetaria en Q,0,Gracia,Burchill,5981356200,Banco Promerica,Promerica,Monetaria en $,2291,9965,7/22/2020 17:46
Collie,Leatherland,3334586502,Banco Industrial,BI,Monetaria en Q,0,Konstanze,Blood,7873382966,Banco Promerica,Promerica,Monetaria en Q,0,7221,10/19/2020 8:50
Collie,Leatherland,3334586502,Banco Promerica,Promerica,Ahorro,0,Vassili,Drowsfield,3345353652,Banco Agromercantil,BAM,Monetaria en Q,3999,5184,6/13/2020 10:31
Collie,Leatherland,3334586502,Banco Promerica,Promerica,Ahorro,0,Arleta,Umbert,1805028979,Banco G&T,G&T,Monetaria en Q,0,841,2/14/2020 14:46
Collie,Leatherland,3334586502,Banco Promerica,Promerica,Ahorro,0,Dale,Goslin,4243293546,Banco G&T,G&T,Ahorro,0,388,3/25/2021 0:58
Collie,Leatherland,3334586502,Banco Promerica,Promerica,Ahorro,0,Morgun,Coots,6920115220,Banco G&T,G&T,Monetaria en $,0,9145,4/13/2021 23:54
Vassili,Drowsfield,3345353652,Banco Agromercantil,BAM,Monetaria en Q,3999,Sax,Stephenson,4640351089,Banco Agromercantil,BAM,Ahorro,0,7674,3/11/2021 13:38
Vassili,Drowsfield,3345353652,Banco Agromercantil,BAM,Monetaria en Q,3999,Bobbette,Dutton,930849132,Banco Industrial,BI,Ahorro,0,2502,1/3/2020 19:52
Vassili,Drowsfield,3345353652,Banco G&T,G&T,Monetaria en $,446,Devin,Sheere,2286509069,Banco G&T,G&T,Monetaria en Q,3001,3890,8/5/2020 23:25
Vassili,Drowsfield,3345353652,Banco G&T,G&T,Monetaria en $,446,Alexander,Amor,7361225500,Banco Promerica,Promerica,Ahorro,0,7797,4/6/2020 10:56
Vassili,Drowsfield,3345353652,Banco G&T,G&T,Monetaria en $,446,Nelia,Hathway,1962610551,Banco Promerica,Promerica,Monetaria en $,0,7938,9/6/2020 5:41
Vassili,Drowsfield,3345353652,Banco Promerica,Promerica,Ahorro,1680,Lauralee,Britnell,8712012858,Banco Industrial,BI,Monetaria en Q,0,8911,1/15/2021 16:53
Vassili,Drowsfield,3345353652,Banco Promerica,Promerica,Ahorro,1680,Hali,Peebles,1909436437,Banco Industrial,BI,Monetaria en Q,3639,61,3/14/2021 12:27
Vassili,Drowsfield,3345353652,Banco Promerica,Promerica,Ahorro,1680,Phaidra,Thornthwaite,7422400781,Banco Agromercantil,BAM,Monetaria en Q,0,4728,4/19/2020 23:43
Ardys,Cave,3418211453,Banco Promerica,Promerica,Ahorro,0,Leonid,Berrey,9488599294,Banco Promerica,Promerica,Monetaria en $,0,6454,10/1/2020 20:17
Ardys,Cave,3418211453,Banco Promerica,Promerica,Ahorro,0,Joelynn,De Gregoli,9835876975,Banco Promerica,Promerica,Ahorro,4350,6311,3/27/2021 20:25
Willie,Brahan,3601075148,Banco G&T,G&T,Monetaria en $,3085,Deni,Tarn,6467582497,Banco G&T,G&T,Monetaria en $,4968,377,9/28/2020 8:49
Willie,Brahan,3601075148,Banco G&T,G&T,Monetaria en $,3085,Inga,Cromleholme,3179095431,Banco Promerica,Promerica,Monetaria en $,0,5593,9/19/2020 22:35
Willie,Brahan,3601075148,Banco G&T,G&T,Monetaria en $,3085,Riva,Gaven,2897073799,Banco Promerica,Promerica,Monetaria en Q,3771,9060,2/12/2020 2:21
Willie,Brahan,3601075148,Banco G&T,G&T,Monetaria en $,3085,Maressa,Delgadillo,3899636643,Banco Industrial,BI,Ahorro,0,3369,4/5/2020 21:23
Willie,Brahan,3601075148,Banco G&T,G&T,Monetaria en $,3085,Vassili,Drowsfield,3345353652,Banco Agromercantil,BAM,Monetaria en Q,3999,2118,1/24/2020 11:52
Willie,Brahan,3601075148,Banco Promerica,Promerica,Monetaria en $,2527,Konstanze,Blood,7873382966,Banco Agromercantil,BAM,Monetaria en $,0,4731,8/13/2020 8:36
Willie,Brahan,3601075148,Banco Promerica,Promerica,Monetaria en $,2527,Jolie,Tollfree,4105124471,Banco G&T,G&T,Monetaria en $,0,2295,10/23/2020 3:59
Willie,Brahan,3601075148,Banco Promerica,Promerica,Monetaria en $,2527,Deni,Tarn,6467582497,Banco G&T,G&T,Monetaria en $,4968,2936,6/21/2020 5:40
Willie,Brahan,3601075148,Banco Promerica,Promerica,Monetaria en $,2527,Vassili,Drowsfield,3345353652,Banco Agromercantil,BAM,Monetaria en Q,3999,4290,1/5/2021 3:22
Willie,Brahan,3601075148,Banco Promerica,Promerica,Monetaria en $,2527,Colas,Feek,440057779,Banco Agromercantil,BAM,Monetaria en $,0,7634,8/10/2020 5:31
Willie,Brahan,3601075148,Banco Promerica,Promerica,Monetaria en $,2527,Cherry,Youtead,6393106875,Banco de desarrollo rural,BANRURAL,Monetaria en Q,2311,362,2/17/2021 4:48
Raff,Meah,3693967563,Banco G&T,G&T,Monetaria en $,1225,Cully,Matyugin,7652775906,Banco de desarrollo rural,BANRURAL,Monetaria en Q,0,8793,1/8/2021 14:57
Raff,Meah,3693967563,Banco G&T,G&T,Monetaria en $,1225,Carmita,Hiscoke,8640571546,Banco Agromercantil,BAM,Monetaria en Q,2277,4256,3/10/2021 1:22
Raff,Meah,3693967563,Banco Industrial,BI,Ahorro,1190,Tripp,Ingree,3888897025,Banco Agromercantil,BAM,Ahorro,1610,6010,2/23/2021 23:55
Raff,Meah,3693967563,Banco Industrial,BI,Ahorro,1190,Arleta,Umbert,1805028979,Banco Industrial,BI,Monetaria en $,0,8175,7/19/2020 7:56
Raff,Meah,3693967563,Banco Industrial,BI,Ahorro,1190,Hali,Peebles,1909436437,Banco Promerica,Promerica,Ahorro,3556,485,4/26/2020 21:17
Reinwald,Raphael,3808552263,Banco Industrial,BI,Monetaria en Q,0,Javier,Theodore,1485345081,Banco Industrial,BI,Monetaria en $,1602,9089,1/29/2021 2:15
Reinwald,Raphael,3808552263,Banco Industrial,BI,Monetaria en Q,0,Morgun,Coots,6920115220,Banco Promerica,Promerica,Monetaria en $,0,3881,2/17/2021 13:18
Reinwald,Raphael,3808552263,Banco Industrial,BI,Monetaria en Q,0,Vassili,Drowsfield,3345353652,Banco Agromercantil,BAM,Monetaria en Q,3999,8118,2/28/2021 0:29
Reinwald,Raphael,3808552263,Banco Industrial,BI,Monetaria en Q,0,Ike,Nickels,6290621491,Banco de desarrollo rural,BANRURAL,Monetaria en Q,423,8127,9/15/2020 9:30
Tripp,Ingree,3888897025,Banco Agromercantil,BAM,Ahorro,0,Tina,De Beauchemp,6668839878,Banco Agromercantil,BAM,Ahorro,315,3849,2/4/2021 14:56
Tripp,Ingree,3888897025,Banco Agromercantil,BAM,Ahorro,1610,Hieronymus,Penn,3070506224,Banco de desarrollo rural,BANRURAL,Monetaria en $,1264,5556,7/14/2020 4:16
Tripp,Ingree,3888897025,Banco Agromercantil,BAM,Ahorro,0,Reinwald,Raphael,3808552263,Banco Industrial,BI,Monetaria en Q,0,3220,8/14/2020 17:32
Tripp,Ingree,3888897025,Banco Agromercantil,BAM,Ahorro,0,Alfie,Castellaccio,2344960856,Banco de desarrollo rural,BANRURAL,Monetaria en Q,0,4761,5/5/2020 12:02
Tripp,Ingree,3888897025,Banco Agromercantil,BAM,Ahorro,1610,Janith,Metheringham,6172401947,Banco Industrial,BI,Monetaria en $,0,4929,5/27/2020 16:06
Tripp,Ingree,3888897025,Banco Agromercantil,BAM,Ahorro,0,Deni,Tarn,6467582497,Banco Promerica,Promerica,Monetaria en $,0,3518,4/15/2021 11:31
Maressa,Delgadillo,3899636643,Banco Industrial,BI,Ahorro,0,Raff,Meah,3693967563,Banco Industrial,BI,Ahorro,1190,2343,6/18/2020 5:32
Maressa,Delgadillo,3899636643,Banco Industrial,BI,Ahorro,0,Arlin,Bruckner,7819264039,Banco Promerica,Promerica,Ahorro,3228,3462,9/20/2020 21:44
Maressa,Delgadillo,3899636643,Banco Industrial,BI,Ahorro,0,Horatia,Brumpton,1653130695,Banco G&T,G&T,Ahorro,0,477,12/28/2020 23:50
Arron,Dalziel,4113842388,Banco de desarrollo rural,BANRURAL,Monetaria en $,391,Leann,Buncher,7589827045,Banco Industrial,BI,Monetaria en $,973,7594,3/1/2021 9:20
Arron,Dalziel,4113842388,Banco de desarrollo rural,BANRURAL,Monetaria en $,391,Jeanne,Ciottoi,3199681735,Banco Industrial,BI,Monetaria en Q,4642,3125,2/16/2020 1:17
Arron,Dalziel,4113842388,Banco G&T,G&T,Monetaria en Q,409,Vonny,Westall,2354138652,Banco G&T,G&T,Ahorro,0,5927,2/28/2020 14:06
Arron,Dalziel,4113842388,Banco G&T,G&T,Monetaria en Q,409,Morgun,Coots,6920115220,Banco Promerica,Promerica,Monetaria en $,0,1251,5/3/2020 5:45
Arron,Dalziel,4113842388,Banco G&T,G&T,Monetaria en Q,409,Colas,Feek,440057779,Banco G&T,G&T,Monetaria en $,2906,663,12/24/2020 8:13
Dale,Goslin,4243293546,Banco G&T,G&T,Ahorro,0,Abigale,Crann,1187255777,Banco Industrial,BI,Ahorro,0,7680,10/9/2020 7:41
Dale,Goslin,4243293546,Banco G&T,G&T,Ahorro,0,Collie,Leatherland,3334586502,Banco Industrial,BI,Monetaria en Q,0,336,7/11/2020 8:14
Dale,Goslin,4243293546,Banco G&T,G&T,Ahorro,0,Elnore,Foy,6154977174,Banco de desarrollo rural,BANRURAL,Ahorro,771,4424,8/4/2020 4:27
Dale,Goslin,4243293546,Banco G&T,G&T,Ahorro,0,Margo,Aspinall,8574878405,Banco de desarrollo rural,BANRURAL,Monetaria en $,485,7542,5/30/2020 9:10
Dale,Goslin,4243293546,Banco Promerica,Promerica,Ahorro,0,Dale,Goslin,4243293546,Banco G&T,G&T,Ahorro,0,7611,5/19/2020 14:00
Dale,Goslin,4243293546,Banco Promerica,Promerica,Ahorro,0,Chrissy,Fells,1432225464,Banco G&T,G&T,Ahorro,0,6610,4/28/2020 3:37
Donielle,Duckham,4348903484,Banco de desarrollo rural,BANRURAL,Monetaria en Q,0,Alfie,Castellaccio,2344960856,Banco de desarrollo rural,BANRURAL,Monetaria en Q,0,7091,2/18/2021 10:47
Donielle,Duckham,4348903484,Banco de desarrollo rural,BANRURAL,Monetaria en Q,0,Raff,Meah,3693967563,Banco G&T,G&T,Monetaria en $,1225,5474,2/10/2020 9:53
Antonetta,Bowler,4380702766,Banco Agromercantil,BAM,Monetaria en $,2300,Devin,Sheere,2286509069,Banco Agromercantil,BAM,Ahorro,3494,8384,1/8/2021 15:59
Antonetta,Bowler,4380702766,Banco Agromercantil,BAM,Monetaria en $,2300,Koressa,Knowler,7737952055,Banco Promerica,Promerica,Ahorro,3065,5169,8/26/2020 15:48
Antonetta,Bowler,4380702766,Banco Agromercantil,BAM,Monetaria en $,2300,Arron,Dalziel,4113842388,Banco de desarrollo rural,BANRURAL,Monetaria en $,391,4190,10/10/2020 23:49
Antonetta,Bowler,4380702766,Banco Agromercantil,BAM,Monetaria en $,2300,Ulla,Balloch,3278286464,Banco Promerica,Promerica,Monetaria en Q,0,6751,8/15/2020 5:58
Antonetta,Bowler,4380702766,Banco Agromercantil,BAM,Monetaria en $,2300,Hali,Peebles,1909436437,Banco Promerica,Promerica,Monetaria en $,0,912,3/2/2021 4:24
Antonetta,Bowler,4380702766,Banco de desarrollo rural,BANRURAL,Ahorro,217,Henriette,Stag,5203620156,Banco de desarrollo rural,BANRURAL,Monetaria en $,567,7882,6/21/2020 1:07
Antonetta,Bowler,4380702766,Banco de desarrollo rural,BANRURAL,Ahorro,217,Abigale,Crann,1187255777,Banco Agromercantil,BAM,Monetaria en $,0,5803,1/22/2020 5:00
Antonetta,Bowler,4380702766,Banco de desarrollo rural,BANRURAL,Ahorro,217,Maressa,Delgadillo,3899636643,Banco Industrial,BI,Ahorro,0,6534,3/4/2021 6:06
Sascha,Kennedy,4464029000,Banco G&T,G&T,Monetaria en $,0,Manuel,Gouldstone,2293547442,Banco G&T,G&T,Ahorro,0,762,9/29/2020 0:21
Sascha,Kennedy,4464029000,Banco G&T,G&T,Monetaria en $,0,Hali,Peebles,1909436437,Banco Industrial,BI,Ahorro,243,1198,3/19/2021 3:50
Sascha,Kennedy,4464029000,Banco Promerica,Promerica,Ahorro,0,Konstanze,Blood,7873382966,Banco Agromercantil,BAM,Monetaria en $,0,4844,11/21/2020 13:23
Sascha,Kennedy,4464029000,Banco Promerica,Promerica,Ahorro,0,Colas,Feek,440057779,Banco Industrial,BI,Monetaria en $,0,9360,7/31/2020 18:37
Sascha,Kennedy,4464029000,Banco Promerica,Promerica,Ahorro,0,Esme,Seifenmacher,7341877243,Banco Industrial,BI,Monetaria en $,0,6596,3/15/2020 2:49
Sascha,Kennedy,4464029000,Banco Promerica,Promerica,Ahorro,0,Arlin,Bruckner,7819264039,Banco de desarrollo rural,BANRURAL,Monetaria en $,1663,6963,2/17/2021 2:14
Sascha,Kennedy,4464029000,Banco Promerica,Promerica,Ahorro,0,Kizzie,Pettman,6981272008,Banco Industrial,BI,Ahorro,0,2491,5/7/2020 9:20
Puff,Huerta,4474118367,Banco de desarrollo rural,BANRURAL,Monetaria en Q,0,Koressa,Knowler,7737952055,Banco Industrial,BI,Monetaria en $,4003,6088,3/8/2021 3:08
Puff,Huerta,4474118367,Banco G&T,G&T,Monetaria en Q,0,Maressa,Delgadillo,3899636643,Banco Industrial,BI,Ahorro,0,8277,4/14/2020 19:07
Puff,Huerta,4474118367,Banco G&T,G&T,Monetaria en Q,0,Collie,Leatherland,3334586502,Banco Promerica,Promerica,Ahorro,0,6597,4/6/2021 23:23
Sax,Stephenson,4640351089,Banco Agromercantil,BAM,Ahorro,0,Jeanie,Badman,2320648240,Banco Agromercantil,BAM,Ahorro,1563,4092,10/24/2020 19:31
Sax,Stephenson,4640351089,Banco Agromercantil,BAM,Ahorro,0,Margo,Aspinall,8574878405,Banco Agromercantil,BAM,Ahorro,0,4613,10/11/2020 17:21
Sax,Stephenson,4640351089,Banco Agromercantil,BAM,Ahorro,0,Ty,Kittow,1976810418,Banco G&T,G&T,Monetaria en $,0,1141,4/13/2020 5:35
Sax,Stephenson,4640351089,Banco Agromercantil,BAM,Ahorro,0,Horatia,Brumpton,1653130695,Banco Agromercantil,BAM,Monetaria en $,0,4780,3/9/2021 16:28
Sax,Stephenson,4640351089,Banco Agromercantil,BAM,Ahorro,0,Raff,Meah,3693967563,Banco Industrial,BI,Ahorro,1190,8004,8/11/2020 19:25
Sax,Stephenson,4640351089,Banco Agromercantil,BAM,Ahorro,0,Horatia,Brumpton,1653130695,Banco G&T,G&T,Ahorro,1612,3391,7/22/2020 6:20
Sax,Stephenson,4640351089,Banco Agromercantil,BAM,Ahorro,0,Sunny,Alvin,6456388384,Banco Promerica,Promerica,Monetaria en $,760,8020,5/4/2020 19:19
Willy,Geraldo,4650277515,Banco de desarrollo rural,BANRURAL,Monetaria en $,0,Joelynn,De Gregoli,9835876975,Banco G&T,G&T,Monetaria en Q,3214,2388,12/22/2020 21:42
Willy,Geraldo,4650277515,Banco de desarrollo rural,BANRURAL,Monetaria en $,0,Carmita,Hiscoke,8640571546,Banco Agromercantil,BAM,Monetaria en Q,2277,4392,5/9/2020 15:35
Henriette,Stag,5203620156,Banco de desarrollo rural,BANRURAL,Monetaria en $,567,Arleta,Umbert,1805028979,Banco G&T,G&T,Monetaria en Q,1863,9160,11/16/2020 4:06
Henriette,Stag,5203620156,Banco de desarrollo rural,BANRURAL,Monetaria en $,567,Tina,De Beauchemp,6668839878,Banco Agromercantil,BAM,Ahorro,3027,2507,5/22/2020 17:02
Zack,Stainton - Skinn,5413394497,Banco Promerica,Promerica,Monetaria en Q,0,Daffy,Marages,2720935689,Banco Promerica,Promerica,Monetaria en Q,1575,9993,2/16/2021 23:28
Zack,Stainton - Skinn,5413394497,Banco Promerica,Promerica,Monetaria en Q,0,Willie,Brahan,3601075148,Banco G&T,G&T,Monetaria en $,3085,143,2/13/2021 17:52
Zack,Stainton - Skinn,5413394497,Banco Promerica,Promerica,Monetaria en Q,0,Collie,Leatherland,3334586502,Banco Promerica,Promerica,Ahorro,0,8444,12/13/2020 7:30
Corliss,McCord,5563911438,Banco Agromercantil,BAM,Monetaria en $,0,Jolie,Tollfree,4105124471,Banco G&T,G&T,Monetaria en $,0,6767,12/14/2020 10:03
Corliss,McCord,5563911438,Banco Agromercantil,BAM,Monetaria en $,0,Zack,Stainton - Skinn,5413394497,Banco Promerica,Promerica,Monetaria en Q,0,4224,3/13/2020 12:45
Corliss,McCord,5563911438,Banco Agromercantil,BAM,Monetaria en $,0,Boote,Pina,208181717,Banco Industrial,BI,Monetaria en Q,900,1875,1/16/2020 6:16
Corliss,McCord,5563911438,Banco Promerica,Promerica,Monetaria en $,0,Antonetta,Bowler,4380702766,Banco de desarrollo rural,BANRURAL,Ahorro,217,2174,2/4/2021 4:40
Timmi,Hovie,5618537931,Banco Agromercantil,BAM,Ahorro,0,Abigale,Crann,1187255777,Banco Industrial,BI,Ahorro,0,769,3/29/2020 22:07
Timmi,Hovie,5618537931,Banco Agromercantil,BAM,Ahorro,0,Giordano,Rimington,270162925,Banco de desarrollo rural,BANRURAL,Ahorro,547,9179,6/19/2020 19:05
Timmi,Hovie,5618537931,Banco G&T,G&T,Ahorro,784,Gearard,Laye,9158606432,Banco de desarrollo rural,BANRURAL,Monetaria en $,2879,3581,11/10/2020 18:41
Timmi,Hovie,5618537931,Banco G&T,G&T,Ahorro,784,Stormy,Mathieu,1952883946,Banco G&T,G&T,Monetaria en $,0,3526,9/6/2020 7:37
Locke,Kordas,5791637586,Banco G&T,G&T,Monetaria en Q,0,Cully,Matyugin,7652775906,Banco de desarrollo rural,BANRURAL,Monetaria en Q,0,4801,7/17/2020 20:50
Locke,Kordas,5791637586,Banco G&T,G&T,Monetaria en Q,0,Ardys,Cave,3418211453,Banco Promerica,Promerica,Ahorro,0,8925,6/11/2020 6:21
Locke,Kordas,5791637586,Banco G&T,G&T,Monetaria en Q,0,Neill,Esser,7964176803,Banco Industrial,BI,Monetaria en Q,1322,7495,1/17/2020 21:39
Locke,Kordas,5791637586,Banco Promerica,Promerica,Monetaria en $,2747,Maggee,Shergold,6816494733,Banco Promerica,Promerica,Monetaria en Q,2872,1058,3/1/2020 6:01
Locke,Kordas,5791637586,Banco Promerica,Promerica,Monetaria en $,2747,Collie,Leatherland,3334586502,Banco Industrial,BI,Monetaria en Q,0,5142,4/6/2020 16:58
Locke,Kordas,5791637586,Banco Promerica,Promerica,Monetaria en $,2747,Chrissy,Fells,1432225464,Banco Industrial,BI,Monetaria en $,0,6383,4/11/2021 16:54
Locke,Kordas,5791637586,Banco Promerica,Promerica,Monetaria en $,2747,Stormy,Mathieu,1952883946,Banco Agromercantil,BAM,Ahorro,3270,318,2/15/2021 10:35
Locke,Kordas,5791637586,Banco Promerica,Promerica,Monetaria en $,2747,Arlin,Bruckner,7819264039,Banco de desarrollo rural,BANRURAL,Monetaria en $,1663,1084,6/4/2020 0:20
Locke,Kordas,5791637586,Banco Promerica,Promerica,Monetaria en $,2747,Collie,Leatherland,3334586502,Banco G&T,G&T,Monetaria en Q,0,615,8/21/2020 23:06
Paul,Fleming,5878519224,Banco Promerica,Promerica,Monetaria en $,0,Arleta,Umbert,1805028979,Banco G&T,G&T,Monetaria en Q,1863,6916,12/9/2020 5:33
Paul,Fleming,5878519224,Banco Promerica,Promerica,Monetaria en $,0,Bobbette,Dutton,930849132,Banco G&T,G&T,Monetaria en $,0,2365,10/31/2020 20:39
Paul,Fleming,5878519224,Banco Promerica,Promerica,Monetaria en $,0,Collie,Leatherland,3334586502,Banco Industrial,BI,Monetaria en Q,0,4426,4/19/2020 14:11
Gracia,Burchill,5981356200,Banco de desarrollo rural,BANRURAL,Monetaria en $,0,Phaidra,Thornthwaite,7422400781,Banco de desarrollo rural,BANRURAL,Monetaria en Q,0,3119,10/8/2020 13:53
Gracia,Burchill,5981356200,Banco de desarrollo rural,BANRURAL,Monetaria en $,0,Sax,Stephenson,4640351089,Banco Agromercantil,BAM,Ahorro,0,800,2/2/2021 12:02
Gracia,Burchill,5981356200,Banco Promerica,Promerica,Monetaria en $,2291,Horatia,Brumpton,1653130695,Banco G&T,G&T,Ahorro,1612,2781,3/12/2021 6:13
Gracia,Burchill,5981356200,Banco Promerica,Promerica,Monetaria en $,2291,Konstanze,Blood,7873382966,Banco Agromercantil,BAM,Monetaria en $,0,6518,12/9/2020 10:15
Elnore,Foy,6154977174,Banco Agromercantil,BAM,Ahorro,2257,Timmi,Hovie,5618537931,Banco G&T,G&T,Ahorro,784,4790,3/2/2021 5:59
Elnore,Foy,6154977174,Banco Agromercantil,BAM,Ahorro,2257,Deni,Tarn,6467582497,Banco Promerica,Promerica,Monetaria en $,0,5058,1/3/2020 0:03
Elnore,Foy,6154977174,Banco Agromercantil,BAM,Ahorro,2257,Phaidra,Thornthwaite,7422400781,Banco de desarrollo rural,BANRURAL,Monetaria en Q,0,4431,1/16/2020 18:23
Janith,Metheringham,6172401947,Banco Agromercantil,BAM,Monetaria en $,0,Alfie,Castellaccio,2344960856,Banco Agromercantil,BAM,Monetaria en Q,690,9675,7/27/2020 21:50
Janith,Metheringham,6172401947,Banco Agromercantil,BAM,Monetaria en $,0,Alfie,Castellaccio,2344960856,Banco Agromercantil,BAM,Monetaria en Q,0,2606,3/15/2020 16:16
Janith,Metheringham,6172401947,Banco Agromercantil,BAM,Monetaria en $,0,Kit,Tottman,445543914,Banco G&T,G&T,Monetaria en $,0,1119,11/28/2020 12:49
Janith,Metheringham,6172401947,Banco Industrial,BI,Monetaria en $,0,Maggee,Shergold,6816494733,Banco Promerica,Promerica,Ahorro,3276,153,10/4/2020 14:38
Ike,Nickels,6290621491,Banco de desarrollo rural,BANRURAL,Monetaria en Q,423,Willie,Brahan,3601075148,Banco Promerica,Promerica,Monetaria en $,2527,9210,12/23/2020 16:13
Ike,Nickels,6290621491,Banco de desarrollo rural,BANRURAL,Monetaria en Q,423,Jeanne,Ciottoi,3199681735,Banco Industrial,BI,Monetaria en Q,4642,1240,1/29/2020 15:20
Ike,Nickels,6290621491,Banco de desarrollo rural,BANRURAL,Monetaria en Q,423,Ty,Kittow,1976810418,Banco de desarrollo rural,BANRURAL,Ahorro,0,1160,1/28/2021 12:33
Dahlia,Greiser,6310900986,Banco Industrial,BI,Monetaria en $,1258,Chrissy,Fells,1432225464,Banco G&T,G&T,Ahorro,0,1311,2/29/2020 11:47
Dahlia,Greiser,6310900986,Banco Industrial,BI,Monetaria en $,1258,Colas,Feek,440057779,Banco Agromercantil,BAM,Monetaria en $,0,3484,8/16/2020 4:30
Cherry,Youtead,6393106875,Banco de desarrollo rural,BANRURAL,Monetaria en Q,2311,Hali,Peebles,1909436437,Banco de desarrollo rural,BANRURAL,Ahorro,0,8817,1/25/2021 15:05
Cherry,Youtead,6393106875,Banco de desarrollo rural,BANRURAL,Monetaria en Q,2311,Leann,Buncher,7589827045,Banco Industrial,BI,Monetaria en $,973,2862,3/27/2021 21:57
Cherry,Youtead,6393106875,Banco G&T,G&T,Monetaria en Q,1189,Koressa,Knowler,7737952055,Banco G&T,G&T,Monetaria en $,0,9423,10/24/2020 10:35
Cherry,Youtead,6393106875,Banco G&T,G&T,Monetaria en Q,1189,Nelia,Hathway,1962610551,Banco Industrial,BI,Monetaria en $,3149,699,11/24/2020 14:51
Cherry,Youtead,6393106875,Banco G&T,G&T,Monetaria en Q,1189,Chrissy,Fells,1432225464,Banco Industrial,BI,Monetaria en $,0,4183,1/3/2021 20:45
Cherry,Youtead,6393106875,Banco G&T,G&T,Monetaria en Q,1189,Henriette,Stag,5203620156,Banco de desarrollo rural,BANRURAL,Monetaria en $,0,9401,12/31/2020 13:25
Cherry,Youtead,6393106875,Banco Promerica,Promerica,Ahorro,0,Collie,Leatherland,3334586502,Banco G&T,G&T,Monetaria en Q,0,9718,1/17/2020 17:50
Cherry,Youtead,6393106875,Banco Promerica,Promerica,Ahorro,0,Hieronymus,Penn,3070506224,Banco de desarrollo rural,BANRURAL,Monetaria en $,1264,1328,6/24/2020 14:57
Cherry,Youtead,6393106875,Banco Promerica,Promerica,Ahorro,0,Alfie,Castellaccio,2344960856,Banco Agromercantil,BAM,Monetaria en Q,690,9456,3/22/2020 23:16
Cherry,Youtead,6393106875,Banco Promerica,Promerica,Ahorro,0,Henriette,Stag,5203620156,Banco de desarrollo rural,BANRURAL,Monetaria en $,0,5410,10/9/2020 23:36
Cherry,Youtead,6393106875,Banco Promerica,Promerica,Ahorro,0,Horatia,Brumpton,1653130695,Banco G&T,G&T,Ahorro,4782,507,1/6/2020 22:07
Sunny,Alvin,6456388384,Banco Agromercantil,BAM,Monetaria en $,0,Inga,Cromleholme,3179095431,Banco Agromercantil,BAM,Ahorro,4234,7836,6/14/2020 15:07
Sunny,Alvin,6456388384,Banco Agromercantil,BAM,Monetaria en $,0,Esme,Seifenmacher,7341877243,Banco Promerica,Promerica,Monetaria en Q,1522,680,7/1/2020 4:14
Sunny,Alvin,6456388384,Banco Agromercantil,BAM,Monetaria en $,0,Willie,Brahan,3601075148,Banco Promerica,Promerica,Monetaria en $,2527,8175,3/11/2021 10:01
Sunny,Alvin,6456388384,Banco Agromercantil,BAM,Monetaria en $,0,Puff,Huerta,4474118367,Banco de desarrollo rural,BANRURAL,Monetaria en Q,0,1094,8/1/2020 20:10
Sunny,Alvin,6456388384,Banco Promerica,Promerica,Monetaria en $,760,Arleta,Umbert,1805028979,Banco Industrial,BI,Monetaria en $,0,6787,11/22/2020 19:50
Deni,Tarn,6467582497,Banco Agromercantil,BAM,Monetaria en Q,0,Tina,De Beauchemp,6668839878,Banco Industrial,BI,Ahorro,0,8120,2/9/2020 20:34
Deni,Tarn,6467582497,Banco de desarrollo rural,BANRURAL,Monetaria en $,3991,Giordano,Rimington,270162925,Banco Industrial,BI,Ahorro,1250,4426,2/25/2020 9:08
Deni,Tarn,6467582497,Banco de desarrollo rural,BANRURAL,Monetaria en $,3991,Morgun,Coots,6920115220,Banco Promerica,Promerica,Monetaria en $,0,3200,7/6/2020 16:22
Deni,Tarn,6467582497,Banco de desarrollo rural,BANRURAL,Monetaria en $,3991,Hali,Peebles,1909436437,Banco de desarrollo rural,BANRURAL,Ahorro,0,1922,3/27/2021 0:51
Deni,Tarn,6467582497,Banco de desarrollo rural,BANRURAL,Monetaria en $,3991,Phaidra,Thornthwaite,7422400781,Banco de desarrollo rural,BANRURAL,Monetaria en Q,0,8570,9/21/2020 17:05
Deni,Tarn,6467582497,Banco de desarrollo rural,BANRURAL,Monetaria en $,3991,Giordano,Rimington,270162925,Banco G&T,G&T,Monetaria en $,0,6864,11/13/2020 20:51
Deni,Tarn,6467582497,Banco G&T,G&T,Monetaria en $,4968,Esme,Seifenmacher,7341877243,Banco Industrial,BI,Ahorro,624,3888,5/3/2020 10:35
Deni,Tarn,6467582497,Banco G&T,G&T,Monetaria en Q,4105,Hali,Peebles,1909436437,Banco de desarrollo rural,BANRURAL,Ahorro,0,7344,4/6/2020 1:40
Deni,Tarn,6467582497,Banco G&T,G&T,Monetaria en Q,4105,Daffy,Marages,2720935689,Banco Promerica,Promerica,Monetaria en Q,1575,8263,7/18/2020 20:52
Deni,Tarn,6467582497,Banco G&T,G&T,Monetaria en Q,4105,Collie,Leatherland,3334586502,Banco Industrial,BI,Monetaria en Q,0,2878,11/23/2020 10:58
Deni,Tarn,6467582497,Banco G&T,G&T,Monetaria en Q,4105,Bobbette,Dutton,930849132,Banco G&T,G&T,Monetaria en $,0,2517,3/11/2020 12:03
Deni,Tarn,6467582497,Banco G&T,G&T,Monetaria en Q,4105,Ulla,Balloch,3278286464,Banco Promerica,Promerica,Monetaria en Q,0,7035,2/17/2021 17:52
Deni,Tarn,6467582497,Banco Promerica,Promerica,Monetaria en $,0,Reinwald,Raphael,3808552263,Banco Industrial,BI,Monetaria en Q,0,313,11/2/2020 9:12
Deni,Tarn,6467582497,Banco Promerica,Promerica,Monetaria en $,0,Dahlia,Greiser,6310900986,Banco Industrial,BI,Monetaria en $,1258,6989,8/2/2020 1:56
Deni,Tarn,6467582497,Banco Promerica,Promerica,Monetaria en $,0,Horatia,Brumpton,1653130695,Banco G&T,G&T,Ahorro,4782,9087,8/8/2020 8:28
Deni,Tarn,6467582497,Banco Promerica,Promerica,Monetaria en $,0,Alfie,Castellaccio,2344960856,Banco de desarrollo rural,BANRURAL,Monetaria en Q,0,1034,11/9/2020 7:38
Deni,Tarn,6467582497,Banco Promerica,Promerica,Monetaria en $,0,Bobbette,Dutton,930849132,Banco Promerica,Promerica,Ahorro,761,3577,1/20/2021 7:03
Deni,Tarn,6467582497,Banco Promerica,Promerica,Monetaria en $,0,Willie,Brahan,3601075148,Banco Promerica,Promerica,Monetaria en $,2527,2585,8/10/2020 17:54
Tina,De Beauchemp,6668839878,Banco Agromercantil,BAM,Ahorro,3027,Phaidra,Thornthwaite,7422400781,Banco de desarrollo rural,BANRURAL,Monetaria en Q,0,6603,2/3/2021 0:38
Tina,De Beauchemp,6668839878,Banco Agromercantil,BAM,Ahorro,315,Chrissy,Fells,1432225464,Banco Industrial,BI,Monetaria en $,0,2808,4/14/2020 0:13
Tina,De Beauchemp,6668839878,Banco Agromercantil,BAM,Ahorro,315,Nelia,Hathway,1962610551,Banco Industrial,BI,Monetaria en $,3149,6887,1/23/2020 20:06
Tina,De Beauchemp,6668839878,Banco Agromercantil,BAM,Ahorro,315,Bobbette,Dutton,930849132,Banco G&T,G&T,Monetaria en $,0,9361,4/14/2020 14:09
Tina,De Beauchemp,6668839878,Banco Agromercantil,BAM,Ahorro,3027,Hali,Peebles,1909436437,Banco Industrial,BI,Monetaria en Q,3639,2900,5/18/2020 14:19
Tina,De Beauchemp,6668839878,Banco de desarrollo rural,BANRURAL,Monetaria en $,3942,Cully,Matyugin,7652775906,Banco Promerica,Promerica,Monetaria en Q,0,6260,6/26/2020 10:42
Tina,De Beauchemp,6668839878,Banco Industrial,BI,Ahorro,0,Koressa,Knowler,7737952055,Banco G&T,G&T,Monetaria en $,0,8012,3/24/2020 7:25
Tina,De Beauchemp,6668839878,Banco Industrial,BI,Ahorro,0,Kizzie,Pettman,6981272008,Banco Promerica,Promerica,Ahorro,1774,2643,10/19/2020 5:40
Tina,De Beauchemp,6668839878,Banco Promerica,Promerica,Monetaria en $,0,Esme,Seifenmacher,7341877243,Banco Industrial,BI,Monetaria en $,0,8410,2/1/2020 6:09
Tina,De Beauchemp,6668839878,Banco Promerica,Promerica,Monetaria en $,0,Elnore,Foy,6154977174,Banco Agromercantil,BAM,Ahorro,2257,6618,9/23/2020 13:14
Tina,De Beauchemp,6668839878,Banco Promerica,Promerica,Monetaria en $,0,Luelle,Barenskie,8068530312,Banco G&T,G&T,Monetaria en Q,0,9895,3/24/2020 9:43
Tina,De Beauchemp,6668839878,Banco Promerica,Promerica,Monetaria en $,0,Abigale,Crann,1187255777,Banco Industrial,BI,Ahorro,0,9319,7/17/2020 2:35
Tina,De Beauchemp,6668839878,Banco Promerica,Promerica,Monetaria en $,0,Arleta,Umbert,1805028979,Banco Industrial,BI,Monetaria en $,0,2559,2/1/2020 5:24
Maggee,Shergold,6816494733,Banco Industrial,BI,Monetaria en Q,0,Alfie,Castellaccio,2344960856,Banco G&T,G&T,Monetaria en $,0,6782,4/15/2020 15:53
Maggee,Shergold,6816494733,Banco Industrial,BI,Monetaria en Q,0,Vassili,Drowsfield,3345353652,Banco Promerica,Promerica,Ahorro,1680,4033,2/25/2020 13:35
Maggee,Shergold,6816494733,Banco Industrial,BI,Monetaria en Q,0,Reinwald,Raphael,3808552263,Banco Industrial,BI,Monetaria en Q,0,2190,3/3/2020 0:51
Maggee,Shergold,6816494733,Banco Promerica,Promerica,Ahorro,3276,Hali,Peebles,1909436437,Banco Promerica,Promerica,Ahorro,3556,5862,3/5/2020 15:49
Morgun,Coots,6920115220,Banco G&T,G&T,Monetaria en $,0,Ulla,Balloch,3278286464,Banco Promerica,Promerica,Monetaria en Q,0,4893,3/18/2020 7:41
Morgun,Coots,6920115220,Banco G&T,G&T,Monetaria en $,0,Konstanze,Blood,7873382966,Banco Agromercantil,BAM,Monetaria en $,0,9596,3/9/2021 4:18
Morgun,Coots,6920115220,Banco Industrial,BI,Monetaria en Q,0,Esme,Seifenmacher,7341877243,Banco Industrial,BI,Ahorro,624,1706,2/28/2021 9:53
Morgun,Coots,6920115220,Banco Industrial,BI,Monetaria en Q,0,Deni,Tarn,6467582497,Banco G&T,G&T,Monetaria en Q,4105,9753,6/16/2020 11:55
Morgun,Coots,6920115220,Banco Promerica,Promerica,Monetaria en $,0,Raff,Meah,3693967563,Banco G&T,G&T,Monetaria en $,1225,2053,10/11/2020 5:38
Morgun,Coots,6920115220,Banco Promerica,Promerica,Monetaria en $,0,Nelia,Hathway,1962610551,Banco Promerica,Promerica,Monetaria en $,0,3900,5/19/2020 2:32
Morgun,Coots,6920115220,Banco Promerica,Promerica,Monetaria en $,0,Dahlia,Greiser,6310900986,Banco Industrial,BI,Monetaria en $,1258,8638,9/16/2020 15:32
Morgun,Coots,6920115220,Banco Promerica,Promerica,Monetaria en $,0,Alexander,Amor,7361225500,Banco Promerica,Promerica,Ahorro,0,1957,2/12/2020 10:42
Kizzie,Pettman,6981272008,Banco Industrial,BI,Ahorro,0,Morgun,Coots,6920115220,Banco G&T,G&T,Monetaria en $,0,6163,8/24/2020 20:38
Kizzie,Pettman,6981272008,Banco Promerica,Promerica,Ahorro,1774,Bobbette,Dutton,930849132,Banco Promerica,Promerica,Ahorro,761,2545,8/16/2020 18:41
Kizzie,Pettman,6981272008,Banco Promerica,Promerica,Ahorro,1774,Manuel,Gouldstone,2293547442,Banco Industrial,BI,Monetaria en $,0,9963,2/24/2021 18:10
Kizzie,Pettman,6981272008,Banco Promerica,Promerica,Ahorro,1774,Inga,Cromleholme,3179095431,Banco Promerica,Promerica,Monetaria en $,0,4032,8/5/2020 1:57
Kizzie,Pettman,6981272008,Banco Promerica,Promerica,Ahorro,1774,Manuel,Gouldstone,2293547442,Banco Industrial,BI,Monetaria en $,0,8816,12/9/2020 16:14
Kizzie,Pettman,6981272008,Banco Promerica,Promerica,Ahorro,0,Thoma,Kempster,7725887806,Banco Promerica,Promerica,Monetaria en $,3305,5460,10/23/2020 13:39
Kizzie,Pettman,6981272008,Banco Promerica,Promerica,Ahorro,1774,Hali,Peebles,1909436437,Banco Industrial,BI,Ahorro,243,1714,1/5/2021 15:54
Kizzie,Pettman,6981272008,Banco Promerica,Promerica,Ahorro,1774,Jarid,McEniry,7858016997,Banco de desarrollo rural,BANRURAL,Ahorro,4005,583,7/10/2020 21:09
Kizzie,Pettman,6981272008,Banco Promerica,Promerica,Ahorro,1774,Devin,Sheere,2286509069,Banco Agromercantil,BAM,Ahorro,3494,5224,3/5/2021 11:08
Kizzie,Pettman,6981272008,Banco Promerica,Promerica,Ahorro,1774,Joelynn,De Gregoli,9835876975,Banco Promerica,Promerica,Ahorro,4350,9947,2/6/2020 16:26
Kizzie,Pettman,6981272008,Banco Promerica,Promerica,Ahorro,1774,Collie,Leatherland,3334586502,Banco Industrial,BI,Monetaria en Q,0,1732,4/6/2020 23:46
Kizzie,Pettman,6981272008,Banco Promerica,Promerica,Ahorro,1774,Kit,Tottman,445543914,Banco G&T,G&T,Monetaria en $,0,7270,5/28/2020 4:12
Kizzie,Pettman,6981272008,Banco Promerica,Promerica,Ahorro,0,Horatia,Brumpton,1653130695,Banco G&T,G&T,Ahorro,1612,4817,4/12/2021 6:33
Kizzie,Pettman,6981272008,Banco Promerica,Promerica,Ahorro,0,Devin,Sheere,2286509069,Banco Industrial,BI,Monetaria en Q,1858,8648,8/30/2020 12:12
Burgess,Goudy,7154849568,Banco Promerica,Promerica,Ahorro,977,Henriette,Stag,5203620156,Banco de desarrollo rural,BANRURAL,Monetaria en $,567,4579,5/25/2020 2:22
Burgess,Goudy,7154849568,Banco Promerica,Promerica,Ahorro,977,Arlin,Bruckner,7819264039,Banco de desarrollo rural,BANRURAL,Monetaria en $,1663,5068,12/6/2020 22:54
Burgess,Goudy,7154849568,Banco Promerica,Promerica,Ahorro,977,Koressa,Knowler,7737952055,Banco Industrial,BI,Monetaria en $,4003,4208,2/26/2021 5:45
Burgess,Goudy,7154849568,Banco Promerica,Promerica,Ahorro,977,Nelia,Hathway,1962610551,Banco Industrial,BI,Monetaria en Q,0,2079,7/26/2020 8:36
Esme,Seifenmacher,7341877243,Banco Industrial,BI,Monetaria en $,0,Willie,Brahan,3601075148,Banco Promerica,Promerica,Monetaria en $,2527,7028,11/21/2020 12:37
Esme,Seifenmacher,7341877243,Banco Industrial,BI,Monetaria en $,0,Arleta,Umbert,1805028979,Banco Industrial,BI,Monetaria en $,0,7160,1/15/2021 7:58
Esme,Seifenmacher,7341877243,Banco Industrial,BI,Ahorro,624,Jeanne,Ciottoi,3199681735,Banco Industrial,BI,Monetaria en Q,4642,279,9/19/2020 13:16
Esme,Seifenmacher,7341877243,Banco Industrial,BI,Ahorro,624,Arron,Dalziel,4113842388,Banco de desarrollo rural,BANRURAL,Monetaria en $,391,5375,1/7/2020 22:50
Esme,Seifenmacher,7341877243,Banco Promerica,Promerica,Monetaria en Q,1522,Gearard,Laye,9158606432,Banco de desarrollo rural,BANRURAL,Monetaria en $,2879,3953,3/29/2020 6:39
Esme,Seifenmacher,7341877243,Banco Promerica,Promerica,Monetaria en Q,1522,Joelynn,De Gregoli,9835876975,Banco Promerica,Promerica,Ahorro,4350,3391,4/12/2021 4:59
Esme,Seifenmacher,7341877243,Banco Promerica,Promerica,Monetaria en Q,1522,Willie,Brahan,3601075148,Banco G&T,G&T,Monetaria en $,3085,9273,10/24/2020 15:29
Alexander,Amor,7361225500,Banco Promerica,Promerica,Ahorro,0,Deni,Tarn,6467582497,Banco de desarrollo rural,BANRURAL,Monetaria en $,964,9703,5/9/2020 19:47
Alexander,Amor,7361225500,Banco Promerica,Promerica,Ahorro,0,Horatia,Brumpton,1653130695,Banco G&T,G&T,Monetaria en Q,4437,4550,1/28/2021 18:26
Alexander,Amor,7361225500,Banco Promerica,Promerica,Ahorro,0,Gracia,Burchill,5981356200,Banco de desarrollo rural,BANRURAL,Monetaria en $,0,7075,3/13/2020 14:48
Alexander,Amor,7361225500,Banco Promerica,Promerica,Ahorro,0,Giordano,Rimington,270162925,Banco de desarrollo rural,BANRURAL,Ahorro,547,8540,9/18/2020 15:08
Alexander,Amor,7361225500,Banco Promerica,Promerica,Ahorro,0,Nelia,Hathway,1962610551,Banco G&T,G&T,Monetaria en Q,2131,8030,12/15/2020 17:00
Alexander,Amor,7361225500,Banco Promerica,Promerica,Ahorro,0,Koressa,Knowler,7737952055,Banco Promerica,Promerica,Ahorro,3065,3158,1/1/2021 20:57
Phaidra,Thornthwaite,7422400781,Banco Agromercantil,BAM,Monetaria en Q,0,Phaidra,Thornthwaite,7422400781,Banco de desarrollo rural,BANRURAL,Monetaria en Q,0,2057,2/7/2020 3:20
Phaidra,Thornthwaite,7422400781,Banco Agromercantil,BAM,Monetaria en Q,0,Alfie,Castellaccio,2344960856,Banco G&T,G&T,Monetaria en $,0,9995,7/11/2020 10:59
Phaidra,Thornthwaite,7422400781,Banco de desarrollo rural,BANRURAL,Monetaria en Q,0,Maggee,Shergold,6816494733,Banco Industrial,BI,Monetaria en Q,0,7847,4/3/2021 7:12
Phaidra,Thornthwaite,7422400781,Banco de desarrollo rural,BANRURAL,Monetaria en Q,4262,Joelynn,De Gregoli,9835876975,Banco Industrial,BI,Monetaria en Q,1191,6469,9/18/2020 22:07
Phaidra,Thornthwaite,7422400781,Banco de desarrollo rural,BANRURAL,Monetaria en Q,0,Nelia,Hathway,1962610551,Banco Industrial,BI,Monetaria en $,3848,5582,11/28/2020 16:04
Phaidra,Thornthwaite,7422400781,Banco de desarrollo rural,BANRURAL,Monetaria en Q,0,Hali,Peebles,1909436437,Banco de desarrollo rural,BANRURAL,Ahorro,1818,7402,4/24/2020 22:26
Phaidra,Thornthwaite,7422400781,Banco de desarrollo rural,BANRURAL,Monetaria en Q,4262,Boote,Pina,208181717,Banco Industrial,BI,Monetaria en Q,900,3104,3/17/2020 20:44
Phaidra,Thornthwaite,7422400781,Banco de desarrollo rural,BANRURAL,Monetaria en Q,4262,Timmi,Hovie,5618537931,Banco Agromercantil,BAM,Ahorro,0,4307,3/25/2020 6:22
Leann,Buncher,7589827045,Banco Industrial,BI,Monetaria en $,973,Maggee,Shergold,6816494733,Banco Industrial,BI,Monetaria en Q,0,8192,2/19/2020 6:47
Leann,Buncher,7589827045,Banco Industrial,BI,Monetaria en $,973,Gracia,Burchill,5981356200,Banco de desarrollo rural,BANRURAL,Monetaria en $,0,2896,10/1/2020 20:50
Leann,Buncher,7589827045,Banco Industrial,BI,Monetaria en $,973,Alfie,Castellaccio,2344960856,Banco de desarrollo rural,BANRURAL,Monetaria en Q,0,6470,10/29/2020 21:17
Leann,Buncher,7589827045,Banco Industrial,BI,Monetaria en $,973,Abigale,Crann,1187255777,Banco Industrial,BI,Ahorro,0,1350,11/2/2020 23:19
Cully,Matyugin,7652775906,Banco de desarrollo rural,BANRURAL,Monetaria en Q,0,Jeanie,Badman,2320648240,Banco Agromercantil,BAM,Ahorro,1563,9426,7/30/2020 18:48
Cully,Matyugin,7652775906,Banco Industrial,BI,Monetaria en Q,3070,Sascha,Kennedy,4464029000,Banco G&T,G&T,Monetaria en $,0,3301,7/28/2020 12:50
Cully,Matyugin,7652775906,Banco Industrial,BI,Monetaria en Q,3070,Cully,Matyugin,7652775906,Banco Promerica,Promerica,Monetaria en Q,0,7188,4/1/2021 17:20
Cully,Matyugin,7652775906,Banco Promerica,Promerica,Monetaria en Q,0,Maggee,Shergold,6816494733,Banco Promerica,Promerica,Ahorro,3276,2688,3/29/2020 17:59
Cully,Matyugin,7652775906,Banco Promerica,Promerica,Monetaria en Q,0,Lauralee,Britnell,8712012858,Banco Industrial,BI,Monetaria en Q,0,8950,6/25/2020 11:41
Cully,Matyugin,7652775906,Banco Promerica,Promerica,Monetaria en Q,0,Chrissy,Fells,1432225464,Banco Industrial,BI,Monetaria en $,0,4079,1/11/2020 15:55
Thoma,Kempster,7725887806,Banco Industrial,BI,Monetaria en $,0,Maressa,Delgadillo,3899636643,Banco Industrial,BI,Ahorro,0,5120,1/8/2020 5:22
Thoma,Kempster,7725887806,Banco Industrial,BI,Monetaria en $,0,Jolie,Tollfree,4105124471,Banco G&T,G&T,Monetaria en $,0,4531,11/28/2020 16:16
Thoma,Kempster,7725887806,Banco Industrial,BI,Monetaria en $,0,Bobbette,Dutton,930849132,Banco Industrial,BI,Ahorro,0,2750,3/30/2020 15:47
Thoma,Kempster,7725887806,Banco Industrial,BI,Monetaria en $,0,Janith,Metheringham,6172401947,Banco Industrial,BI,Monetaria en $,0,7301,5/24/2020 18:58
Thoma,Kempster,7725887806,Banco Industrial,BI,Monetaria en $,0,Koressa,Knowler,7737952055,Banco Promerica,Promerica,Ahorro,3065,1766,3/19/2021 23:04
Thoma,Kempster,7725887806,Banco Industrial,BI,Monetaria en $,0,Devin,Sheere,2286509069,Banco Agromercantil,BAM,Ahorro,3494,830,1/6/2021 10:12
Thoma,Kempster,7725887806,Banco Promerica,Promerica,Monetaria en $,3305,Janith,Metheringham,6172401947,Banco Industrial,BI,Monetaria en $,0,5061,3/10/2021 6:39
Koressa,Knowler,7737952055,Banco de desarrollo rural,BANRURAL,Monetaria en $,4560,Tripp,Ingree,3888897025,Banco Agromercantil,BAM,Ahorro,0,6169,12/18/2020 0:05
Koressa,Knowler,7737952055,Banco de desarrollo rural,BANRURAL,Monetaria en $,4560,Javier,Theodore,1485345081,Banco Industrial,BI,Monetaria en $,1602,684,2/26/2020 12:36
Koressa,Knowler,7737952055,Banco de desarrollo rural,BANRURAL,Monetaria en $,4560,Neill,Esser,7964176803,Banco Industrial,BI,Monetaria en Q,1322,2215,1/9/2020 6:40
Koressa,Knowler,7737952055,Banco G&T,G&T,Monetaria en $,0,Tripp,Ingree,3888897025,Banco Agromercantil,BAM,Ahorro,1610,1959,7/1/2020 6:08
Koressa,Knowler,7737952055,Banco G&T,G&T,Monetaria en $,0,Daffy,Marages,2720935689,Banco Promerica,Promerica,Monetaria en Q,1575,1600,1/27/2020 7:04
Koressa,Knowler,7737952055,Banco Industrial,BI,Monetaria en $,4003,Reinwald,Raphael,3808552263,Banco Industrial,BI,Monetaria en Q,0,7452,1/20/2021 9:01
Koressa,Knowler,7737952055,Banco Industrial,BI,Monetaria en $,4003,Stormy,Mathieu,1952883946,Banco G&T,G&T,Monetaria en $,0,7922,4/2/2020 17:27
Koressa,Knowler,7737952055,Banco Industrial,BI,Monetaria en $,4003,Jeanie,Badman,2320648240,Banco G&T,G&T,Monetaria en Q,0,9668,8/22/2020 9:45
Koressa,Knowler,7737952055,Banco Promerica,Promerica,Ahorro,3065,Puff,Huerta,4474118367,Banco G&T,G&T,Monetaria en Q,0,6568,2/19/2021 16:18
Koressa,Knowler,7737952055,Banco Promerica,Promerica,Ahorro,3065,Daffy,Marages,2720935689,Banco G&T,G&T,Monetaria en Q,0,292,6/16/2020 20:30
Arlin,Bruckner,7819264039,Banco de desarrollo rural,BANRURAL,Monetaria en Q,0,Elnore,Foy,6154977174,Banco Agromercantil,BAM,Ahorro,2257,9094,1/10/2020 6:38
Arlin,Bruckner,7819264039,Banco de desarrollo rural,BANRURAL,Monetaria en Q,0,Bobbette,Dutton,930849132,Banco Promerica,Promerica,Ahorro,761,1194,4/4/2020 21:15
Arlin,Bruckner,7819264039,Banco Promerica,Promerica,Monetaria en Q,784,Hali,Peebles,1909436437,Banco Promerica,Promerica,Monetaria en $,0,874,1/7/2020 20:22
Arlin,Bruckner,7819264039,Banco Promerica,Promerica,Monetaria en Q,784,Luelle,Barenskie,8068530312,Banco G&T,G&T,Monetaria en Q,0,5410,3/4/2020 16:19
Arlin,Bruckner,7819264039,Banco Promerica,Promerica,Ahorro,3228,Ulla,Balloch,3278286464,Banco Promerica,Promerica,Monetaria en Q,0,4126,2/10/2020 10:58
Arlin,Bruckner,7819264039,Banco Promerica,Promerica,Monetaria en Q,784,Lauralee,Britnell,8712012858,Banco Industrial,BI,Monetaria en Q,0,7960,6/13/2020 4:43
Arlin,Bruckner,7819264039,Banco Promerica,Promerica,Monetaria en Q,784,Janith,Metheringham,6172401947,Banco Industrial,BI,Monetaria en $,0,9601,10/29/2020 23:07
Arlin,Bruckner,7819264039,Banco Promerica,Promerica,Ahorro,3228,Neill,Esser,7964176803,Banco Industrial,BI,Monetaria en Q,1322,6287,1/24/2020 0:26
Jarid,McEniry,7858016997,Banco de desarrollo rural,BANRURAL,Ahorro,4005,Ddene,Tant,2293083373,Banco de desarrollo rural,BANRURAL,Monetaria en $,0,7305,4/2/2020 12:24
Konstanze,Blood,7873382966,Banco Industrial,BI,Ahorro,0,Cherry,Youtead,6393106875,Banco G&T,G&T,Monetaria en Q,1189,6355,3/28/2021 18:32
Konstanze,Blood,7873382966,Banco Industrial,BI,Ahorro,0,Maggee,Shergold,6816494733,Banco Industrial,BI,Monetaria en Q,0,1954,1/21/2021 11:31
Konstanze,Blood,7873382966,Banco Industrial,BI,Ahorro,0,Giordano,Rimington,270162925,Banco G&T,G&T,Monetaria en $,0,7648,9/22/2020 21:07
Konstanze,Blood,7873382966,Banco Industrial,BI,Ahorro,0,Tina,De Beauchemp,6668839878,Banco Agromercantil,BAM,Ahorro,3027,6619,4/22/2020 5:55
Konstanze,Blood,7873382966,Banco Promerica,Promerica,Monetaria en Q,0,Maggee,Shergold,6816494733,Banco Industrial,BI,Monetaria en Q,0,5302,5/30/2020 0:36
Konstanze,Blood,7873382966,Banco Promerica,Promerica,Monetaria en Q,0,Tina,De Beauchemp,6668839878,Banco Agromercantil,BAM,Ahorro,315,2525,8/12/2020 15:39
Konstanze,Blood,7873382966,Banco Promerica,Promerica,Monetaria en Q,0,Sunny,Alvin,6456388384,Banco Promerica,Promerica,Monetaria en $,760,8267,4/2/2020 10:16
Konstanze,Blood,7873382966,Banco Promerica,Promerica,Monetaria en Q,0,Reinwald,Raphael,3808552263,Banco Industrial,BI,Monetaria en Q,0,6621,1/23/2020 1:24
Konstanze,Blood,7873382966,Banco Promerica,Promerica,Monetaria en Q,0,Arleta,Umbert,1805028979,Banco Promerica,Promerica,Monetaria en Q,305,9488,3/26/2021 8:17
Neill,Esser,7964176803,Banco Industrial,BI,Monetaria en Q,1322,Arlin,Bruckner,7819264039,Banco de desarrollo rural,BANRURAL,Monetaria en Q,0,6746,4/2/2020 9:45
Neill,Esser,7964176803,Banco Industrial,BI,Monetaria en $,1053,Hali,Peebles,1909436437,Banco de desarrollo rural,BANRURAL,Ahorro,0,597,3/22/2020 15:17
Neill,Esser,7964176803,Banco Industrial,BI,Monetaria en Q,1322,Nelia,Hathway,1962610551,Banco Industrial,BI,Monetaria en $,3149,2366,2/19/2020 23:57
Neill,Esser,7964176803,Banco Industrial,BI,Monetaria en $,1053,Elnore,Foy,6154977174,Banco Agromercantil,BAM,Ahorro,2257,3999,1/22/2021 8:58
Luelle,Barenskie,8068530312,Banco G&T,G&T,Monetaria en Q,0,Alexander,Amor,7361225500,Banco Promerica,Promerica,Ahorro,0,2232,3/26/2021 4:24
Luelle,Barenskie,8068530312,Banco G&T,G&T,Monetaria en Q,0,Alexander,Amor,7361225500,Banco Promerica,Promerica,Ahorro,0,7092,1/12/2020 4:21
Renard,Pelchat,8373980261,Banco Promerica,Promerica,Ahorro,3011,Thoma,Kempster,7725887806,Banco Promerica,Promerica,Monetaria en $,3305,170,5/6/2020 21:11
Renard,Pelchat,8373980261,Banco Promerica,Promerica,Ahorro,3011,Alfie,Castellaccio,2344960856,Banco de desarrollo rural,BANRURAL,Monetaria en $,0,5463,2/9/2021 1:40
Renard,Pelchat,8373980261,Banco Promerica,Promerica,Ahorro,3011,Ulla,Balloch,3278286464,Banco G&T,G&T,Monetaria en $,2162,6461,2/18/2021 2:09
Renard,Pelchat,8373980261,Banco Promerica,Promerica,Ahorro,3011,Ddene,Tant,2293083373,Banco de desarrollo rural,BANRURAL,Monetaria en $,0,242,2/25/2021 18:41
Margo,Aspinall,8574878405,Banco de desarrollo rural,BANRURAL,Monetaria en $,485,Tina,De Beauchemp,6668839878,Banco de desarrollo rural,BANRURAL,Monetaria en $,3942,5819,11/19/2020 23:08
Margo,Aspinall,8574878405,Banco de desarrollo rural,BANRURAL,Monetaria en $,485,Alfie,Castellaccio,2344960856,Banco Agromercantil,BAM,Monetaria en Q,0,3567,1/2/2020 5:56
Margo,Aspinall,8574878405,Banco de desarrollo rural,BANRURAL,Monetaria en $,485,Vassili,Drowsfield,3345353652,Banco G&T,G&T,Monetaria en $,446,9766,8/10/2020 15:23
Margo,Aspinall,8574878405,Banco Industrial,BI,Monetaria en $,0,Sascha,Kennedy,4464029000,Banco G&T,G&T,Monetaria en $,0,6608,10/21/2020 9:52
Margo,Aspinall,8574878405,Banco Industrial,BI,Monetaria en $,0,Jeanne,Ciottoi,3199681735,Banco de desarrollo rural,BANRURAL,Monetaria en $,2743,4733,2/3/2020 3:39
Carmita,Hiscoke,8640571546,Banco Agromercantil,BAM,Monetaria en Q,2277,Riva,Gaven,2897073799,Banco G&T,G&T,Monetaria en Q,2316,3961,5/10/2020 19:27
Carmita,Hiscoke,8640571546,Banco Agromercantil,BAM,Monetaria en Q,2277,Alexander,Amor,7361225500,Banco Promerica,Promerica,Ahorro,0,8493,8/1/2020 10:48
Carmita,Hiscoke,8640571546,Banco Agromercantil,BAM,Monetaria en Q,2277,Esme,Seifenmacher,7341877243,Banco Promerica,Promerica,Monetaria en Q,1522,3171,7/14/2020 9:56
Lauralee,Britnell,8712012858,Banco Industrial,BI,Monetaria en Q,0,Abigale,Crann,1187255777,Banco Industrial,BI,Ahorro,0,9305,4/8/2021 15:45
Lauralee,Britnell,8712012858,Banco Industrial,BI,Monetaria en Q,0,Henriette,Stag,5203620156,Banco de desarrollo rural,BANRURAL,Monetaria en $,0,5762,12/8/2020 5:28
Gearard,Laye,9158606432,Banco de desarrollo rural,BANRURAL,Monetaria en $,2879,Konstanze,Blood,7873382966,Banco Agromercantil,BAM,Monetaria en $,0,2523,8/30/2020 12:56
Gearard,Laye,9158606432,Banco de desarrollo rural,BANRURAL,Monetaria en $,2879,Horatia,Brumpton,1653130695,Banco G&T,G&T,Ahorro,4782,6483,2/4/2020 23:52
Leonid,Berrey,9488599294,Banco Promerica,Promerica,Monetaria en $,0,Carmita,Hiscoke,8640571546,Banco Agromercantil,BAM,Monetaria en Q,2277,4725,11/7/2020 18:30
Cherise,Pluvier,9622621546,Banco Industrial,BI,Ahorro,3285,Deni,Tarn,6467582497,Banco Agromercantil,BAM,Monetaria en Q,0,5451,8/8/2020 15:41
Cherise,Pluvier,9622621546,Banco Industrial,BI,Ahorro,3285,Janith,Metheringham,6172401947,Banco Industrial,BI,Monetaria en $,0,5710,12/22/2020 4:34
Cherise,Pluvier,9622621546,Banco Industrial,BI,Ahorro,3285,Ty,Kittow,1976810418,Banco G&T,G&T,Monetaria en $,0,8364,7/2/2020 10:52
Joelynn,De Gregoli,9835876975,Banco G&T,G&T,Monetaria en Q,3214,Phaidra,Thornthwaite,7422400781,Banco de desarrollo rural,BANRURAL,Monetaria en Q,0,8915,5/5/2020 0:48
Joelynn,De Gregoli,9835876975,Banco Industrial,BI,Monetaria en Q,1191,Vassili,Drowsfield,3345353652,Banco G&T,G&T,Monetaria en $,446,6522,11/15/2020 18:07
Joelynn,De Gregoli,9835876975,Banco Industrial,BI,Monetaria en Q,1191,Joelynn,De Gregoli,9835876975,Banco G&T,G&T,Monetaria en Q,3214,7821,2/2/2020 0:33
Joelynn,De Gregoli,9835876975,Banco Industrial,BI,Monetaria en Q,1191,Abigale,Crann,1187255777,Banco Agromercantil,BAM,Monetaria en $,0,3271,11/23/2020 13:10
Joelynn,De Gregoli,9835876975,Banco Promerica,Promerica,Ahorro,4350,Kizzie,Pettman,6981272008,Banco Industrial,BI,Ahorro,0,6270,12/25/2020 12:27
Joelynn,De Gregoli,9835876975,Banco Promerica,Promerica,Ahorro,4350,Konstanze,Blood,7873382966,Banco Agromercantil,BAM,Monetaria en $,0,784,4/9/2020 19:40
Joelynn,De Gregoli,9835876975,Banco Promerica,Promerica,Ahorro,4350,Koressa,Knowler,7737952055,Banco de desarrollo rural,BANRURAL,Monetaria en $,4560,5465,1/11/2020 13:07
Joelynn,De Gregoli,9835876975,Banco Promerica,Promerica,Ahorro,4350,Dale,Goslin,4243293546,Banco Promerica,Promerica,Ahorro,0,8301,10/31/2020 4:35
Joelynn,De Gregoli,9835876975,Banco Promerica,Promerica,Ahorro,4350,Sascha,Kennedy,4464029000,Banco Promerica,Promerica,Ahorro,0,1604,9/26/2020 15:57
